onset	duration	sample	value
0	0.002	0	boundary
0.58	0.002	290	S124
1.48	0.002	740	S212
2.06	0.002	1030	S  1
3.628	0.002	1814	S104
4.526	0.002	2263	S204
5.17	0.002	2585	S  1
6.724	0.002	3362	S121
7.622	0.002	3811	S209
8.212	0.002	4106	S  1
9.77	0.002	4885	S106
10.67	0.002	5335	S212
11.218	0.002	5609	S  1
12.766	0.002	6383	S105
13.666	0.002	6833	S205
14.192	0.002	7096	S  1
15.746	0.002	7873	S118
16.646	0.002	8323	S218
17.258	0.002	8629	S  2
18.81	0.002	9405	S108
19.71	0.002	9855	S202
20.238	0.002	10119	S  1
21.79	0.002	10895	S116
22.69	0.002	11345	S222
23.196	0.002	11598	S  2
24.754	0.002	12377	S113
25.652	0.002	12826	S219
26.248	0.002	13124	S  2
27.8	0.002	13900	S111
28.7	0.002	14350	S223
29.246	0.002	14623	S  2
30.796	0.002	15398	S110
31.696	0.002	15848	S204
32.378	0.002	16189	S  1
33.926	0.002	16963	S102
34.826	0.002	17413	S214
35.366	0.002	17683	S  2
36.924	0.002	18462	S112
37.822	0.002	18911	S212
38.496	0.002	19248	S  1
40.052	0.002	20026	S114
40.952	0.002	20476	S214
41.386	0.002	20693	S  2
42.934	0.002	21467	S107
43.832	0.002	21916	S219
44.278	0.002	22139	S  2
45.83	0.002	22915	S120
46.728	0.002	23364	S208
47.4	0.002	23700	S  1
48.942	0.002	24471	S117
49.842	0.002	24921	S223
50.404	0.002	25202	S  2
51.958	0.002	25979	S115
52.856	0.002	26428	S221
53.386	0.002	26693	S  2
54.936	0.002	27468	S103
55.836	0.002	27918	S221
56.348	0.002	28174	S  2
57.9	0.002	28950	S122
58.798	0.002	29399	S216
59.296	0.002	29648	S  2
60.846	0.002	30423	S119
61.746	0.002	30873	S207
62.244	0.002	31122	S  1
63.794	0.002	31897	S123
64.692	0.002	32346	S223
65.202	0.002	32601	S  2
66.758	0.002	33379	S109
67.656	0.002	33828	S221
68.05	0.002	34025	S  2
69.604	0.002	34802	S101
70.502	0.002	35251	S219
70.888	0.002	35444	S  2
72.434	0.002	36217	S122
73.332	0.002	36666	S222
73.808	0.002	36904	S  2
75.364	0.002	37682	S110
76.262	0.002	38131	S222
76.822	0.002	38411	S  2
78.376	0.002	39188	S120
79.276	0.002	39638	S214
79.782	0.002	39891	S  2
81.34	0.002	40670	S113
82.238	0.002	41119	S207
82.812	0.002	41406	S  1
84.354	0.002	42177	S117
85.254	0.002	42627	S211
85.848	0.002	42924	S  1
87.4	0.002	43700	S107
88.298	0.002	44149	S201
88.782	0.002	44391	S  1
90.33	0.002	45165	S102
91.228	0.002	45614	S214
91.722	0.002	45861	S  2
93.276	0.002	46638	S124
94.176	0.002	47088	S218
94.544	0.002	47272	S  2
96.09	0.002	48045	S103
96.99	0.002	48495	S203
97.386	0.002	48693	S  1
98.936	0.002	49468	S108
99.836	0.002	49918	S208
100.212	0.002	50106	S  1
101.768	0.002	50884	S112
102.666	0.002	51333	S212
103.252	0.002	51626	S  1
104.796	0.002	52398	S115
105.696	0.002	52848	S221
106.138	0.002	53069	S  2
107.696	0.002	53848	S104
108.594	0.002	54297	S222
109.016	0.002	54508	S  3
109.257	0.514	54628.5	boundary
110.06	0.002	55030	S121
110.958	0.002	55479	S221
111.574	0.002	55787	S  2
113.124	0.002	56562	S106
114.022	0.002	57011	S218
114.566	0.002	57283	S  2
116.12	0.002	58060	S118
117.018	0.002	58509	S224
117.628	0.002	58814	S  2
119.182	0.002	59591	S119
120.082	0.002	60041	S219
120.63	0.002	60315	S  2
122.18	0.002	61090	S105
123.078	0.002	61539	S223
123.598	0.002	61799	S  2
125.142	0.002	62571	S111
126.042	0.002	63021	S205
127.216	0.002	63608	S  3
129.804	0.002	64902	S123
130.704	0.002	65352	S223
131.186	0.002	65593	S  2
132.736	0.002	66368	S109
133.634	0.002	66817	S215
134.268	0.002	67134	S  2
135.814	0.002	67907	S114
136.714	0.002	68357	S202
137.302	0.002	68651	S  1
138.844	0.002	69422	S101
139.744	0.002	69872	S201
140.214	0.002	70107	S  1
141.758	0.002	70879	S116
142.656	0.002	71328	S216
143.076	0.002	71538	S  2
144.622	0.002	72311	S123
145.52	0.002	72760	S217
146.022	0.002	73011	S  2
147.568	0.002	73784	S121
148.466	0.002	74233	S221
148.904	0.002	74452	S  2
150.448	0.002	75224	S103
151.346	0.002	75673	S203
151.75	0.002	75875	S  1
153.294	0.002	76647	S104
154.194	0.002	77097	S222
154.724	0.002	77362	S  2
156.276	0.002	78138	S107
157.174	0.002	78587	S213
157.694	0.002	78847	S  2
159.238	0.002	79619	S113
160.136	0.002	80068	S213
160.55	0.002	80275	S  2
162.102	0.002	81051	S106
163.002	0.002	81501	S212
163.532	0.002	81766	S  1
165.082	0.002	82541	S108
165.98	0.002	82990	S220
166.524	0.002	83262	S  2
168.078	0.002	84039	S115
168.978	0.002	84489	S215
169.434	0.002	84717	S  2
170.992	0.002	85496	S122
171.892	0.002	85946	S210
175.454	0.002	87727	S114
176.352	0.002	88176	S214
177.018	0.002	88509	S  2
178.568	0.002	89284	S118
179.466	0.002	89733	S224
180.024	0.002	90012	S  2
181.58	0.002	90790	S117
182.48	0.002	91240	S223
182.872	0.002	91436	S  2
184.426	0.002	92213	S102
185.326	0.002	92663	S202
185.78	0.002	92890	S  1
187.324	0.002	93662	S109
188.222	0.002	94111	S203
188.786	0.002	94393	S  1
190.336	0.002	95168	S105
191.236	0.002	95618	S211
191.776	0.002	95888	S  1
193.334	0.002	96667	S111
194.232	0.002	97116	S205
194.702	0.002	97351	S  1
196.248	0.002	98124	S116
197.146	0.002	98573	S216
197.82	0.002	98910	S  2
199.376	0.002	99688	S112
200.276	0.002	100138	S206
200.714	0.002	100357	S  1
202.258	0.002	101129	S124
203.156	0.002	101578	S218
203.564	0.002	101782	S  2
205.12	0.002	102560	S120
206.018	0.002	103009	S214
206.41	0.002	103205	S  2
207.966	0.002	103983	S101
208.866	0.002	104433	S219
209.192	0.002	104596	S  3
210.746	0.002	105373	S119
211.646	0.002	105823	S213
212.148	0.002	106074	S  2
213.694	0.002	106847	S110
214.592	0.002	107296	S210
215.016	0.002	107508	S  4
215.651	4.496	107825.5	boundary
215.928	0.002	107964	S119
216.826	0.002	108413	S207
217.304	0.002	108652	S  1
217.987	0.622	108993.5	boundary
218.236	0.002	109118	S106
219.134	0.002	109567	S206
219.59	0.002	109795	S  1
221.132	0.002	110566	S105
222.032	0.002	111016	S211
222.504	0.002	111252	S  1
224.046	0.002	112023	S120
224.944	0.002	112472	S214
225.418	0.002	112709	S  2
226.958	0.002	113479	S108
227.858	0.002	113929	S208
228.366	0.002	114183	S  1
229.922	0.002	114961	S123
230.822	0.002	115411	S217
231.912	0.002	115956	S  4
234.384	0.002	117192	S104
235.282	0.002	117641	S222
235.842	0.002	117921	S  2
237.398	0.002	118699	S124
238.296	0.002	119148	S224
238.788	0.002	119394	S  2
240.344	0.002	120172	S116
241.242	0.002	120621	S222
241.708	0.002	120854	S  2
243.258	0.002	121629	S103
244.156	0.002	122078	S215
244.618	0.002	122309	S  2
246.17	0.002	123085	S110
247.07	0.002	123535	S216
247.52	0.002	123760	S  3
249.068	0.002	124534	S115
249.966	0.002	124983	S209
250.87	0.002	125435	S  1
252.414	0.002	126207	S111
253.312	0.002	126656	S205
253.908	0.002	126954	S  1
255.46	0.002	127730	S102
256.36	0.002	128180	S214
256.86	0.002	128430	S  2
258.406	0.002	129203	S122
259.306	0.002	129653	S210
259.892	0.002	129946	S  1
261.436	0.002	130718	S118
262.336	0.002	131168	S218
262.898	0.002	131449	S  2
264.45	0.002	132225	S117
265.35	0.002	132675	S217
265.752	0.002	132876	S  2
267.298	0.002	133649	S107
268.196	0.002	134098	S207
268.718	0.002	134359	S  1
270.26	0.002	135130	S109
271.16	0.002	135580	S221
271.606	0.002	135803	S  2
273.158	0.002	136579	S113
274.056	0.002	137028	S207
274.584	0.002	137292	S  1
276.138	0.002	138069	S101
277.036	0.002	138518	S201
277.822	0.002	138911	S  1
279.366	0.002	139683	S121
280.266	0.002	140133	S203
280.894	0.002	140447	S  1
282.448	0.002	141224	S114
283.346	0.002	141673	S208
283.858	0.002	141929	S  1
285.41	0.002	142705	S112
286.308	0.002	143154	S206
286.82	0.002	143410	S  1
288.374	0.002	144187	S105
289.272	0.002	144636	S211
289.728	0.002	144864	S  1
291.27	0.002	145635	S119
292.17	0.002	146085	S213
292.606	0.002	146303	S  2
294.15	0.002	147075	S123
295.05	0.002	147525	S217
295.546	0.002	147773	S  2
297.096	0.002	148548	S112
297.996	0.002	148998	S224
298.512	0.002	149256	S  2
300.06	0.002	150030	S106
300.96	0.002	150480	S206
301.426	0.002	150713	S  1
302.974	0.002	151487	S116
303.872	0.002	151936	S222
304.334	0.002	152167	S  2
305.886	0.002	152943	S101
306.786	0.002	153393	S201
307.254	0.002	153627	S  1
308.8	0.002	154400	S104
309.7	0.002	154850	S210
310.176	0.002	155088	S  4
311.73	0.002	155865	S124
312.63	0.002	156315	S218
313.148	0.002	156574	S  2
314.694	0.002	157347	S107
315.592	0.002	157796	S201
316.034	0.002	158017	S  1
317.59	0.002	158795	S122
318.49	0.002	159245	S204
318.926	0.002	159463	S  1
320.47	0.002	160235	S114
321.37	0.002	160685	S214
321.832	0.002	160916	S  2
323.384	0.002	161692	S111
324.282	0.002	162141	S211
324.718	0.002	162359	S  1
326.264	0.002	163132	S110
327.164	0.002	163582	S204
327.616	0.002	163808	S  1
329.16	0.002	164580	S108
330.06	0.002	165030	S220
330.584	0.002	165292	S  2
332.14	0.002	166070	S121
333.04	0.002	166520	S215
333.454	0.002	166727	S  2
335.004	0.002	167502	S115
335.904	0.002	167952	S203
336.684	0.002	168342	S  1
338.234	0.002	169117	S109
339.132	0.002	169566	S203
339.65	0.002	169825	S  1
341.198	0.002	170599	S102
342.096	0.002	171048	S202
342.518	0.002	171259	S  1
344.06	0.002	172030	S120
344.96	0.002	172480	S202
345.37	0.002	172685	S  1
346.926	0.002	173463	S118
347.824	0.002	173912	S224
348.258	0.002	174129	S  2
349.804	0.002	174902	S113
350.704	0.002	175352	S219
351.166	0.002	175583	S  2
352.718	0.002	176359	S103
353.616	0.002	176808	S215
354.09	0.002	177045	S  2
355.648	0.002	177824	S117
356.546	0.002	178273	S211
357.006	0.002	178503	S  1
358.562	0.002	179281	S119
359.46	0.002	179730	S213
359.868	0.002	179934	S  4
359.898	0.002	179949	S  6
359.9	0.002	179950	S  2
361.442	0.002	180721	S108
362.342	0.002	181171	S202
362.74	0.002	181370	S  1
364.288	0.002	182144	S114
365.188	0.002	182594	S220
365.604	0.002	182802	S  2
367.152	0.002	183576	S110
368.05	0.002	184025	S210
368.474	0.002	184237	S  4
370.032	0.002	185016	S111
370.93	0.002	185465	S217
371.492	0.002	185746	S  2
373.044	0.002	186522	S117
373.944	0.002	186972	S211
374.386	0.002	187193	S  1
375.942	0.002	187971	S122
376.842	0.002	188421	S222
377.264	0.002	188632	S  2
378.806	0.002	189403	S102
379.704	0.002	189852	S202
380.124	0.002	190062	S  1
381.668	0.002	190834	S104
382.568	0.002	191284	S210
383.112	0.002	191556	S  1
384.666	0.002	192333	S120
385.564	0.002	192782	S220
386.052	0.002	193026	S  2
387.596	0.002	193798	S109
388.494	0.002	194247	S209
388.962	0.002	194481	S  4
390.51	0.002	195255	S116
391.408	0.002	195704	S216
391.88	0.002	195940	S  2
393.422	0.002	196711	S118
394.322	0.002	197161	S218
394.972	0.002	197486	S  2
396.52	0.002	198260	S123
397.418	0.002	198709	S211
398.006	0.002	199003	S  1
399.55	0.002	199775	S103
400.448	0.002	200224	S209
400.884	0.002	200442	S  4
402.428	0.002	201214	S106
403.328	0.002	201664	S224
403.892	0.002	201946	S  2
405.442	0.002	202721	S115
406.342	0.002	203171	S221
406.888	0.002	203444	S  2
408.438	0.002	204219	S107
409.338	0.002	204669	S207
410.022	0.002	205011	S  1
411.568	0.002	205784	S113
412.468	0.002	206234	S219
412.992	0.002	206496	S  2
414.55	0.002	207275	S105
415.448	0.002	207724	S211
416.018	0.002	208009	S  1
417.562	0.002	208781	S112
418.46	0.002	209230	S212
419.012	0.002	209506	S  1
420.558	0.002	210279	S124
421.458	0.002	210729	S206
422.094	0.002	211047	S  1
423.638	0.002	211819	S121
424.538	0.002	212269	S203
425.386	0.002	212693	S  1
426.934	0.002	213467	S101
427.834	0.002	213917	S207
428.278	0.002	214139	S  1
429.67	0.002	214835	boundary
429.89	0.002	214945	S111
430.788	0.002	215394	S211
432.314	0.002	216157	S  3
434.352	0.002	217176	S102
435.25	0.002	217625	S220
435.824	0.002	217912	S  2
437.382	0.002	218691	S115
438.28	0.002	219140	S221
439.102	0.002	219551	S  2
440.646	0.002	220323	S123
441.544	0.002	220772	S223
442.096	0.002	221048	S  2
443.642	0.002	221821	S121
444.54	0.002	222270	S221
445.346	0.002	222673	S  2
446.888	0.002	223444	S101
447.786	0.002	223893	S207
448.264	0.002	224132	S  1
449.818	0.002	224909	S120
450.716	0.002	225358	S220
451.348	0.002	225674	S  2
452.898	0.002	226449	S119
453.796	0.002	226898	S219
454.368	0.002	227184	S  2
455.91	0.002	227955	S116
456.81	0.002	228405	S222
457.25	0.002	228625	S  2
458.808	0.002	229404	S113
459.706	0.002	229853	S201
460.124	0.002	230062	S  1
461.67	0.002	230835	S103
462.57	0.002	231285	S203
463.042	0.002	231521	S  1
464.584	0.002	232292	S122
465.484	0.002	232742	S204
465.92	0.002	232960	S  1
467.464	0.002	233732	S109
468.364	0.002	234182	S203
469.044	0.002	234522	S  1
470.594	0.002	235297	S118
471.494	0.002	235747	S224
472.07	0.002	236035	S  2
473.624	0.002	236812	S124
474.522	0.002	237261	S224
475.12	0.002	237560	S  2
476.67	0.002	238335	S106
477.57	0.002	238785	S206
478.008	0.002	239004	S  1
478.207	1.018	239103.5	boundary
478.55	0.002	239275	S105
479.448	0.002	239724	S211
480.072	0.002	240036	S  1
481.63	0.002	240815	S104
482.528	0.002	241264	S210
483.13	0.002	241565	S  1
484.676	0.002	242338	S112
485.574	0.002	242787	S218
486.144	0.002	243072	S  2
486.365	0.67	243182.5	boundary
487.02	0.002	243510	S114
487.918	0.002	243959	S220
488.502	0.002	244251	S  2
490.05	0.002	245025	S108
490.948	0.002	245474	S208
491.37	0.002	245685	S  1
492.912	0.002	246456	S118
493.812	0.002	246906	S212
494.472	0.002	247236	S  1
496.026	0.002	248013	S102
496.924	0.002	248462	S202
497.776	0.002	248888	S  1
499.322	0.002	249661	S111
500.22	0.002	250110	S217
500.764	0.002	250382	S  2
502.318	0.002	251159	S108
503.218	0.002	251609	S214
503.77	0.002	251885	S  2
505.316	0.002	252658	S109
506.214	0.002	253107	S209
509.776	0.002	254888	S105
510.676	0.002	255338	S217
511.172	0.002	255586	S  2
512.724	0.002	256362	S114
513.624	0.002	256812	S220
514.168	0.002	257084	S  2
515.72	0.002	257860	S106
516.62	0.002	258310	S218
519.982	0.002	259991	S121
520.88	0.002	260440	S215
521.54	0.002	260770	S  2
523.096	0.002	261548	S115
523.994	0.002	261997	S203
524.706	0.002	262353	S  1
526.258	0.002	263129	S116
527.158	0.002	263579	S204
527.966	0.002	263983	S  1
529.522	0.002	264761	S110
530.42	0.002	265210	S210
531.26	0.002	265630	S  1
532.818	0.002	266409	S120
533.716	0.002	266858	S214
534.436	0.002	267218	S  2
535.982	0.002	267991	S104
536.88	0.002	268440	S204
537.157	12.408	268578.5	boundary
537.672	0.002	268836	S  1
539.222	0.002	269611	S101
540.12	0.002	270060	S207
540.72	0.002	270360	S  1
542.268	0.002	271134	S107
543.168	0.002	271584	S207
543.786	0.002	271893	S  1
545.332	0.002	272666	S117
546.232	0.002	273116	S223
546.802	0.002	273401	S  2
548.344	0.002	274172	S124
549.244	0.002	274622	S224
549.774	0.002	274887	S  2
551.324	0.002	275662	S103
552.224	0.002	276112	S221
552.856	0.002	276428	S  2
554.404	0.002	277202	S113
555.304	0.002	277652	S219
555.854	0.002	277927	S  2
557.402	0.002	278701	S111
558.302	0.002	279151	S217
559.678	0.002	279839	S  4
561.864	0.002	280932	S110
562.762	0.002	281381	S216
563.296	0.002	281648	S  2
564.844	0.002	282422	S117
565.742	0.002	282871	S211
566.228	0.002	283114	S  1
567.369	1.852	283684.5	boundary
567.47	0.002	283735	S  1
569.018	0.002	284509	S123
569.916	0.002	284958	S205
570.462	0.002	285231	S  1
572.016	0.002	286008	S109
572.914	0.002	286457	S221
573.478	0.002	286739	S  2
575.028	0.002	287514	S108
575.926	0.002	287963	S208
576.67	0.002	288335	S  1
578.224	0.002	289112	S124
579.122	0.002	289561	S224
579.67	0.002	289835	S  2
581.222	0.002	290611	S118
582.12	0.002	291060	S224
582.732	0.002	291366	S  2
584.284	0.002	292142	S103
585.182	0.002	292591	S221
588.746	0.002	294373	S116
589.644	0.002	294822	S210
590.114	0.002	295057	S  1
591.658	0.002	295829	S114
592.558	0.002	296279	S220
593.156	0.002	296578	S  2
594.706	0.002	297353	S104
595.604	0.002	297802	S210
596.258	0.002	298129	S  1
597.802	0.002	298901	S101
598.7	0.002	299350	S201
599.484	0.002	299742	S  1
601.032	0.002	300516	S120
601.93	0.002	300965	S214
602.402	0.002	301201	S  2
603.946	0.002	301973	S113
604.844	0.002	302422	S213
605.257	1.258	302628.5	boundary
605.85	0.002	302925	S122
606.75	0.002	303375	S222
607.216	0.002	303608	S  2
608.764	0.002	304382	S102
609.662	0.002	304831	S214
610.264	0.002	305132	S  2
611.81	0.002	305905	S105
612.71	0.002	306355	S217
613.224	0.002	306612	S  2
614.774	0.002	307387	S115
615.672	0.002	307836	S221
616.122	0.002	308061	S  2
617.67	0.002	308835	S112
618.57	0.002	309285	S212
619.224	0.002	309612	S  1
620.766	0.002	310383	S107
621.666	0.002	310833	S201
622.348	0.002	311174	S  1
623.898	0.002	311949	S119
624.796	0.002	312398	S219
625.34	0.002	312670	S  2
626.894	0.002	313447	S121
627.792	0.002	313896	S215
628.354	0.002	314177	S  2
628.924	0.002	314462	boundary
630.042	0.002	315021	S104
630.942	0.002	315471	S210
631.442	0.002	315721	S  4
632.988	0.002	316494	S102
633.888	0.002	316944	S202
634.668	0.002	317334	S  1
636.218	0.002	318109	S123
637.118	0.002	318559	S211
637.494	0.002	318747	S  4
639.082	0.002	319541	S108
639.98	0.002	319990	S214
640.52	0.002	320260	S  2
642.062	0.002	321031	S109
642.96	0.002	321480	S203
643.466	0.002	321733	S  1
645.008	0.002	322504	S119
645.908	0.002	322954	S219
646.432	0.002	323216	S  2
647.988	0.002	323994	S105
648.888	0.002	324444	S223
649.392	0.002	324696	S  2
650.936	0.002	325468	S113
651.834	0.002	325917	S201
652.34	0.002	326170	S  1
653.882	0.002	326941	S116
654.782	0.002	327391	S222
655.29	0.002	327645	S  2
656.846	0.002	328423	S112
657.744	0.002	328872	S224
658.352	0.002	329176	S  2
659.908	0.002	329954	S110
660.808	0.002	330404	S204
661.29	0.002	330645	S  1
662.838	0.002	331419	S101
663.738	0.002	331869	S201
664.158	0.002	332079	S  1
665.702	0.002	332851	S117
666.602	0.002	333301	S217
667.038	0.002	333519	S  2
668.582	0.002	334291	S106
669.482	0.002	334741	S218
669.956	0.002	334978	S  2
671.512	0.002	335756	S107
672.412	0.002	336206	S201
672.828	0.002	336414	S  1
674.376	0.002	337188	S121
675.274	0.002	337637	S203
675.764	0.002	337882	S  1
677.324	0.002	338662	S111
678.222	0.002	339111	S205
678.686	0.002	339343	S  1
680.236	0.002	340118	S114
681.136	0.002	340568	S214
681.512	0.002	340756	S  2
683.066	0.002	341533	S124
683.964	0.002	341982	S212
684.484	0.002	342242	S  1
686.03	0.002	343015	S120
686.928	0.002	343464	S220
687.37	0.002	343685	S  2
688.926	0.002	344463	S118
689.824	0.002	344912	S224
690.318	0.002	345159	S  2
691.872	0.002	345936	S122
692.772	0.002	346386	S216
693.212	0.002	346606	S  2
694.77	0.002	347385	S115
695.668	0.002	347834	S209
696.154	0.002	348077	S  1
697.7	0.002	348850	S103
698.598	0.002	349299	S209
699.07	0.002	349535	S  1
700.612	0.002	350306	S124
701.512	0.002	350756	S224
702.024	0.002	351012	S  3
703.578	0.002	351789	S104
704.476	0.002	352238	S210
705.132	0.002	352566	S  1
706.69	0.002	353345	S122
707.588	0.002	353794	S216
708.166	0.002	354083	S  4
708.236	0.002	354118	S  6
708.238	0.002	354119	S  2
709.786	0.002	354893	S116
710.684	0.002	355342	S216
711.148	0.002	355574	S  2
712.7	0.002	356350	S123
713.598	0.002	356799	S205
714.162	0.002	357081	S  1
715.712	0.002	357856	S113
716.612	0.002	358306	S219
717.094	0.002	358547	S  2
718.642	0.002	359321	S111
719.542	0.002	359771	S217
720.096	0.002	360048	S  2
721.64	0.002	360820	S110
722.538	0.002	361269	S210
723.08	0.002	361540	S  1
724.636	0.002	362318	S106
725.534	0.002	362767	S212
726.306	0.002	363153	S  1
727.848	0.002	363924	S108
728.748	0.002	364374	S202
729.304	0.002	364652	S  1
730.862	0.002	365431	S121
731.762	0.002	365881	S209
732.3	0.002	366150	S  1
733.842	0.002	366921	S105
734.742	0.002	367371	S205
735.376	0.002	367688	S  4
736.922	0.002	368461	S115
737.822	0.002	368911	S209
738.344	0.002	369172	S  4
739.902	0.002	369951	S118
740.802	0.002	370401	S212
741.308	0.002	370654	S  1
742.866	0.002	371433	S103
743.764	0.002	371882	S203
745.1	0.002	372550	S  3
747.128	0.002	373564	S101
748.026	0.002	374013	S201
748.588	0.002	374294	S  4
748.668	0.002	374334	S  5
748.67	0.002	374335	S  1
750.224	0.002	375112	S120
751.122	0.002	375561	S220
751.556	0.002	375778	S  2
753.104	0.002	376552	S114
754.002	0.002	377001	S208
754.704	0.002	377352	S  1
756.25	0.002	378125	S119
757.15	0.002	378575	S207
757.832	0.002	378916	S  4
759.38	0.002	379690	S109
760.28	0.002	380140	S203
760.884	0.002	380442	S  1
762.426	0.002	381213	S117
763.326	0.002	381663	S223
763.812	0.002	381906	S  2
765.358	0.002	382679	S112
766.256	0.002	383128	S224
766.87	0.002	383435	S  2
768.42	0.002	384210	S107
769.318	0.002	384659	S213
769.99	0.002	384995	S  2
771.534	0.002	385767	S102
772.432	0.002	386216	S202
772.95	0.002	386475	S  1
774.496	0.002	387248	S113
775.396	0.002	387698	S207
776.068	0.002	388034	S  1
777.61	0.002	388805	S123
778.508	0.002	389254	S223
778.751	3.928	389375.5	boundary
779.742	0.002	389871	S119
780.64	0.002	390320	S207
781.31	0.002	390655	S  1
782.856	0.002	391428	S114
783.754	0.002	391877	S202
784.22	0.002	392110	S  1
785.768	0.002	392884	S106
786.668	0.002	393334	S212
787.284	0.002	393642	S  1
788.832	0.002	394416	S122
789.732	0.002	394866	S222
790.3	0.002	395150	S  4
790.348	0.002	395174	S  6
790.35	0.002	395175	S  2
791.896	0.002	395948	S120
792.794	0.002	396397	S220
793.378	0.002	396689	S  2
794.926	0.002	397463	S104
795.824	0.002	397912	S210
796.428	0.002	398214	S  1
797.972	0.002	398986	S111
798.87	0.002	399435	S205
799.43	0.002	399715	S  1
800.984	0.002	400492	S105
801.884	0.002	400942	S205
802.444	0.002	401222	S  1
803.998	0.002	401999	S109
804.896	0.002	402448	S215
805.406	0.002	402703	S  2
806.96	0.002	403480	S124
807.86	0.002	403930	S206
808.394	0.002	404197	S  1
809.94	0.002	404970	S116
810.84	0.002	405420	S210
811.566	0.002	405783	S  1
813.122	0.002	406561	S107
814.02	0.002	407010	S201
814.594	0.002	407297	S  1
816.15	0.002	408075	S112
817.05	0.002	408525	S206
817.852	0.002	408926	S  1
819.396	0.002	409698	S121
820.296	0.002	410148	S215
820.676	0.002	410338	S  4
820.722	0.002	410361	S  6
820.724	0.002	410362	S  2
822.278	0.002	411139	S102
823.176	0.002	411588	S202
823.686	0.002	411843	S  1
825.24	0.002	412620	S110
826.14	0.002	413070	S210
827.108	0.002	413554	S  1
828.654	0.002	414327	S118
829.552	0.002	414776	S206
829.982	0.002	414991	S  1
831.534	0.002	415767	S108
832.432	0.002	416216	S214
833.014	0.002	416507	S  2
834.564	0.002	417282	S101
835.462	0.002	417731	S207
836.106	0.002	418053	S  1
837.66	0.002	418830	S103
838.558	0.002	419279	S203
839.27	0.002	419635	S  1
840.822	0.002	420411	S115
841.722	0.002	420861	S215
842.172	0.002	421086	S  2
843.516	0.002	421758	boundary
844.74	0.002	422370	S103
845.64	0.002	422820	S209
846.212	0.002	423106	S  1
847.77	0.002	423885	S124
848.668	0.002	424334	S206
849.204	0.002	424602	S  1
850.75	0.002	425375	S101
851.648	0.002	425824	S219
852.128	0.002	426064	S  2
853.68	0.002	426840	S106
854.578	0.002	427289	S218
855.032	0.002	427516	S  3
856.576	0.002	428288	S123
857.476	0.002	428738	S217
858.006	0.002	429003	S  2
859.556	0.002	429778	S110
860.454	0.002	430227	S210
860.922	0.002	430461	S  1
862.47	0.002	431235	S120
863.368	0.002	431684	S202
863.938	0.002	431969	S  1
865.482	0.002	432741	S109
866.382	0.002	433191	S209
866.974	0.002	433487	S  1
868.53	0.002	434265	S113
869.428	0.002	434714	S207
869.946	0.002	434973	S  1
871.492	0.002	435746	S115
872.392	0.002	436196	S221
872.914	0.002	436457	S  2
874.472	0.002	437236	S102
875.372	0.002	437686	S202
876.002	0.002	438001	S  1
877.554	0.002	438777	S121
878.452	0.002	439226	S203
878.924	0.002	439462	S  1
880.484	0.002	440242	S112
881.382	0.002	440691	S218
881.918	0.002	440959	S  2
883.462	0.002	441731	S122
884.362	0.002	442181	S210
885.148	0.002	442574	S  1
886.692	0.002	443346	S104
887.592	0.002	443796	S210
888.386	0.002	444193	S  1
889.94	0.002	444970	S118
890.838	0.002	445419	S218
891.38	0.002	445690	S  2
892.936	0.002	446468	S116
893.834	0.002	446917	S216
894.386	0.002	447193	S  2
895.932	0.002	447966	S105
896.832	0.002	448416	S223
897.38	0.002	448690	S  2
898.928	0.002	449464	S117
899.828	0.002	449914	S223
900.414	0.002	450207	S  2
901.958	0.002	450979	S114
902.858	0.002	451429	S202
903.496	0.002	451748	S  1
905.038	0.002	452519	S111
905.938	0.002	452969	S205
906.408	0.002	453204	S  1
906.827	0.922	453413.5	boundary
907.03	0.002	453515	S107
907.928	0.002	453964	S219
908.558	0.002	454279	S  2
910.11	0.002	455055	S108
911.008	0.002	455504	S202
911.52	0.002	455760	S  4
913.074	0.002	456537	S119
913.972	0.002	456986	S207
914.422	0.002	457211	S  1
915.97	0.002	457985	S121
916.868	0.002	458434	S209
917.35	0.002	458675	S  1
918.9	0.002	459450	S120
919.798	0.002	459899	S220
920.292	0.002	460146	S  2
921.846	0.002	460923	S113
922.746	0.002	461373	S213
923.306	0.002	461653	S  2
924.86	0.002	462430	S101
925.758	0.002	462879	S219
926.334	0.002	463167	S  2
927.89	0.002	463945	S124
928.788	0.002	464394	S218
929.306	0.002	464653	S  2
930.852	0.002	465426	S111
931.752	0.002	465876	S217
932.29	0.002	466145	S  2
933.832	0.002	466916	S117
934.732	0.002	467366	S223
935.262	0.002	467631	S  2
936.812	0.002	468406	S110
937.712	0.002	468856	S204
938.15	0.002	469075	S  1
939.692	0.002	469846	S118
940.592	0.002	470296	S206
941.264	0.002	470632	S  1
942.822	0.002	471411	S119
943.722	0.002	471861	S219
944.196	0.002	472098	S  2
945.752	0.002	472876	S108
946.652	0.002	473326	S208
950.014	0.002	475007	S109
950.914	0.002	475457	S209
951.516	0.002	475758	S  1
953.062	0.002	476531	S123
953.96	0.002	476980	S217
954.556	0.002	477278	S  2
956.108	0.002	478054	S103
957.008	0.002	478504	S221
957.702	0.002	478851	S  2
959.254	0.002	479627	S106
960.154	0.002	480077	S224
960.708	0.002	480354	S  2
962.252	0.002	481126	S104
963.15	0.002	481575	S210
963.676	0.002	481838	S  1
965.232	0.002	482616	S107
966.13	0.002	483065	S207
966.61	0.002	483305	S  1
968.162	0.002	484081	S115
969.06	0.002	484530	S221
969.548	0.002	484774	S  2
971.09	0.002	485545	S116
971.99	0.002	485995	S216
972.484	0.002	486242	S  2
972.549	0.782	486274.5	boundary
973.256	0.002	486628	S122
974.154	0.002	487077	S216
974.982	0.002	487491	S  2
976.536	0.002	488268	S102
977.436	0.002	488718	S208
977.94	0.002	488970	S  1
979.5	0.002	489750	S114
980.398	0.002	490199	S202
980.88	0.002	490440	S  4
982.43	0.002	491215	S105
983.328	0.002	491664	S217
983.948	0.002	491974	S  2
985.492	0.002	492746	S112
986.39	0.002	493195	S206
986.954	0.002	493477	S  1
988.506	0.002	494253	S105
989.404	0.002	494702	S217
989.948	0.002	494974	S  2
991.502	0.002	495751	S113
992.4	0.002	496200	S207
992.818	0.002	496409	S  1
994.366	0.002	497183	S106
995.264	0.002	497632	S206
996.01	0.002	498005	S  1
997.562	0.002	498781	S109
998.46	0.002	499230	S203
998.996	0.002	499498	S  1
1000.542	0.002	500271	S118
1001.44	0.002	500720	S212
1001.97	0.002	500985	S  1
1003.522	0.002	501761	S115
1004.42	0.002	502210	S221
1005.134	0.002	502567	S  2
1005.887	1.406	502943.5	boundary
1006.178	0.002	503089	S203
1006.768	0.002	503384	S  1
1008.326	0.002	504163	S110
1009.224	0.002	504612	S222
1009.856	0.002	504928	S  2
1011.406	0.002	505703	S108
1012.304	0.002	506152	S208
1012.75	0.002	506375	S  1
1014.302	0.002	507151	S123
1015.2	0.002	507600	S217
1015.682	0.002	507841	S  2
1017.232	0.002	508616	S124
1018.13	0.002	509065	S224
1018.58	0.002	509290	S  2
1019.005	0.944	509502.5	boundary
1019.184	0.002	509592	S104
1020.084	0.002	510042	S222
1020.75	0.002	510375	S  2
1022.298	0.002	511149	S119
1023.196	0.002	511598	S213
1023.652	0.002	511826	S  2
1025.194	0.002	512597	S107
1026.094	0.002	513047	S207
1026.612	0.002	513306	S  1
1028.158	0.002	514079	S122
1029.056	0.002	514528	S216
1029.662	0.002	514831	S  2
1031.206	0.002	515603	S112
1032.104	0.002	516052	S218
1032.608	0.002	516304	S  2
1034.152	0.002	517076	S121
1035.05	0.002	517525	S209
1035.528	0.002	517764	S  1
1037.082	0.002	518541	S117
1037.982	0.002	518991	S223
1038.46	0.002	519230	S  2
1040.012	0.002	520006	S111
1040.91	0.002	520455	S205
1041.414	0.002	520707	S  1
1042.958	0.002	521479	S114
1043.856	0.002	521928	S220
1044.258	0.002	522129	S  2
1045.804	0.002	522902	S116
1046.704	0.002	523352	S216
1047.092	0.002	523546	S  2
1048.636	0.002	524318	S120
1049.534	0.002	524767	S208
1049.976	0.002	524988	S  1
1051.532	0.002	525766	S102
1052.43	0.002	526215	S202
1052.864	0.002	526432	S  1
1054.412	0.002	527206	S101
1055.31	0.002	527655	S219
1055.83	0.002	527915	S  2
1056.581	2.646	528290.5	boundary
1057.406	0.002	528703	S110
1058.304	0.002	529152	S222
1058.836	0.002	529418	S  2
1060.386	0.002	530193	S121
1061.284	0.002	530642	S215
1061.736	0.002	530868	S  2
1063.282	0.002	531641	S116
1064.18	0.002	532090	S216
1064.602	0.002	532301	S  2
1066.144	0.002	533072	S105
1067.044	0.002	533522	S205
1067.482	0.002	533741	S  1
1069.024	0.002	534512	S107
1069.924	0.002	534962	S219
1070.4	0.002	535200	S  2
1071.954	0.002	535977	S115
1072.854	0.002	536427	S203
1073.318	0.002	536659	S  1
1074.868	0.002	537434	S123
1075.768	0.002	537884	S217
1076.162	0.002	538081	S  2
1077.716	0.002	538858	S112
1078.614	0.002	539307	S206
1079.106	0.002	539553	S  1
1080.662	0.002	540331	S106
1081.56	0.002	540780	S206
1081.996	0.002	540998	S  1
1083.542	0.002	541771	S108
1084.44	0.002	542220	S220
1084.91	0.002	542455	S  2
1086.456	0.002	543228	S118
1087.354	0.002	543677	S224
1087.79	0.002	543895	S  2
1089.336	0.002	544668	S117
1090.234	0.002	545117	S217
1090.626	0.002	545313	S  2
1092.182	0.002	546091	S101
1093.082	0.002	546541	S207
1093.554	0.002	546777	S  1
1095.112	0.002	547556	S114
1096.012	0.002	548006	S214
1096.426	0.002	548213	S  2
1097.976	0.002	548988	S111
1098.874	0.002	549437	S205
1099.304	0.002	549652	S  1
1100.856	0.002	550428	S122
1101.754	0.002	550877	S222
1102.176	0.002	551088	S  2
1103.72	0.002	551860	S103
1104.618	0.002	552309	S215
1105.134	0.002	552567	S  2
1106.682	0.002	553341	S102
1107.582	0.002	553791	S208
1108.028	0.002	554014	S  4
1109.58	0.002	554790	S104
1110.478	0.002	555239	S204
1110.944	0.002	555472	S  4
1112.492	0.002	556246	S124
1113.392	0.002	556696	S206
1114.142	0.002	557071	S  1
1115.69	0.002	557845	S109
1116.588	0.002	558294	S203
1117.164	0.002	558582	S  1
1118.72	0.002	559360	S119
1119.618	0.002	559809	S201
1120.17	0.002	560085	S  1
1121.716	0.002	560858	S113
1122.614	0.002	561307	S201
1123.178	0.002	561589	S  1
1124.728	0.002	562364	S120
1125.628	0.002	562814	S208
1126.058	0.002	563029	S  1
1127.608	0.002	563804	S119
1128.508	0.002	564254	S207
1128.946	0.002	564473	S  1
1130.49	0.002	565245	S121
1131.388	0.002	565694	S203
1131.876	0.002	565938	S  1
1133.42	0.002	566710	S115
1134.318	0.002	567159	S215
1135.01	0.002	567505	S  2
1136.566	0.002	568283	S120
1137.464	0.002	568732	S220
1137.94	0.002	568970	S  2
1139.496	0.002	569748	S109
1140.394	0.002	570197	S203
1140.848	0.002	570424	S  1
1142.394	0.002	571197	S116
1143.292	0.002	571646	S216
1143.754	0.002	571877	S  2
1145.306	0.002	572653	S123
1146.204	0.002	573102	S217
1146.754	0.002	573377	S  2
1148.302	0.002	574151	S118
1149.202	0.002	574601	S224
1149.718	0.002	574859	S  2
1151.266	0.002	575633	S122
1152.164	0.002	576082	S216
1152.574	0.002	576287	S  2
1154.13	0.002	577065	S105
1155.028	0.002	577514	S217
1155.574	0.002	577787	S  2
1157.126	0.002	578563	S101
1158.024	0.002	579012	S219
1158.512	0.002	579256	S  2
1160.056	0.002	580028	S108
1160.954	0.002	580477	S208
1161.526	0.002	580763	S  1
1163.07	0.002	581535	S113
1163.968	0.002	581984	S201
1164.486	0.002	582243	S  1
1166.032	0.002	583016	S117
1166.932	0.002	583466	S211
1167.48	0.002	583740	S  1
1169.03	0.002	584515	S124
1169.928	0.002	584964	S224
1170.61	0.002	585305	S  3
1172.158	0.002	586079	S111
1173.058	0.002	586529	S205
1173.582	0.002	586791	S  4
1175.138	0.002	587569	S106
1176.038	0.002	588019	S212
1176.73	0.002	588365	S  1
1178.286	0.002	589143	S112
1179.184	0.002	589592	S212
1180.118	0.002	590059	S  1
1181.664	0.002	590832	S110
1182.564	0.002	591282	S216
1183.132	0.002	591566	S  2
1184.678	0.002	592339	S107
1185.578	0.002	592789	S201
1186.158	0.002	593079	S  1
1187.708	0.002	593854	S114
1188.608	0.002	594304	S208
1189.948	0.002	594974	S  3
1191.97	0.002	595985	S104
1192.87	0.002	596435	S210
1193.406	0.002	596703	S  1
1194.95	0.002	597475	S103
1195.848	0.002	597924	S209
1196.432	0.002	598216	S  1
1197.98	0.002	598990	S102
1198.878	0.002	599439	S202
1199.79	0.002	599895	S  1
1201.342	0.002	600671	S114
1202.242	0.002	601121	S220
1202.788	0.002	601394	S  2
1204.34	0.002	602170	S109
1205.238	0.002	602619	S209
1205.76	0.002	602880	S  1
1207.302	0.002	603651	S104
1208.202	0.002	604101	S222
1208.762	0.002	604381	S  2
1210.316	0.002	605158	S106
1211.214	0.002	605607	S212
1211.84	0.002	605920	S  1
1213.396	0.002	606698	S120
1214.294	0.002	607147	S220
1214.72	0.002	607360	S  2
1216.276	0.002	608138	S103
1217.174	0.002	608587	S209
1217.361	6.41	608680.5	boundary
1217.418	0.002	608709	S  1
1218.972	0.002	609486	S105
1219.872	0.002	609936	S205
1220.326	0.002	610163	S  1
1221.87	0.002	610935	S107
1222.768	0.002	611384	S207
1223.232	0.002	611616	S  1
1224.782	0.002	612391	S123
1225.682	0.002	612841	S217
1226.076	0.002	613038	S  2
1227.63	0.002	613815	S102
1228.528	0.002	614264	S220
1229.09	0.002	614545	S  2
1230.644	0.002	615322	S115
1231.542	0.002	615771	S221
1235.104	0.002	617552	S118
1236.004	0.002	618002	S224
1236.644	0.002	618322	S  2
1238.202	0.002	619101	S116
1239.1	0.002	619550	S222
1239.722	0.002	619861	S  2
1241.264	0.002	620632	S122
1242.162	0.002	621081	S204
1242.932	0.002	621466	S  1
1244.478	0.002	622239	S121
1245.376	0.002	622688	S215
1245.844	0.002	622922	S  2
1247.39	0.002	623695	S108
1248.29	0.002	624145	S220
1248.964	0.002	624482	S  2
1250.52	0.002	625260	S119
1251.42	0.002	625710	S207
1251.954	0.002	625977	S  1
1253.5	0.002	626750	S124
1254.4	0.002	627200	S224
1255.088	0.002	627544	S  2
1256.63	0.002	628315	S117
1257.53	0.002	628765	S217
1258.294	0.002	629147	S  2
1259.844	0.002	629922	S112
1260.742	0.002	630371	S206
1261.262	0.002	630631	S  1
1262.806	0.002	631403	S110
1263.706	0.002	631853	S204
1264.62	0.002	632310	S  1
1266.17	0.002	633085	S111
1267.068	0.002	633534	S223
1267.702	0.002	633851	S  2
1268.143	2.29	634071.5	boundary
1268.744	0.002	634372	S109
1269.644	0.002	634822	S221
1270.114	0.002	635057	S  2
1271.658	0.002	635829	S111
1272.556	0.002	636278	S217
1273.082	0.002	636541	S  2
1274.636	0.002	637318	S106
1275.536	0.002	637768	S224
1276.142	0.002	638071	S  2
1277.7	0.002	638850	S123
1278.6	0.002	639300	S205
1279.032	0.002	639516	S  1
1280.58	0.002	640290	S114
1281.48	0.002	640740	S214
1281.914	0.002	640957	S  2
1283.46	0.002	641730	S120
1284.36	0.002	642180	S220
1284.794	0.002	642397	S  2
1286.34	0.002	643170	S115
1287.24	0.002	643620	S203
1287.672	0.002	643836	S  1
1289.22	0.002	644610	S112
1290.12	0.002	645060	S212
1290.562	0.002	645281	S  4
1292.118	0.002	646059	S102
1293.016	0.002	646508	S220
1293.494	0.002	646747	S  2
1295.048	0.002	647524	S121
1295.946	0.002	647973	S215
1296.428	0.002	648214	S  2
1297.978	0.002	648989	S104
1298.876	0.002	649438	S204
1299.434	0.002	649717	S  1
1300.992	0.002	650496	S110
1301.89	0.002	650945	S222
1302.426	0.002	651213	S  2
1303.97	0.002	651985	S101
1304.87	0.002	652435	S213
1305.394	0.002	652697	S  2
1306.95	0.002	653475	S117
1307.85	0.002	653925	S223
1308.318	0.002	654159	S  2
1309.864	0.002	654932	S122
1310.764	0.002	655382	S222
1311.258	0.002	655629	S  2
1312.812	0.002	656406	S116
1313.71	0.002	656855	S222
1314.122	0.002	657061	S  2
1315.674	0.002	657837	S105
1316.574	0.002	658287	S223
1317.102	0.002	658551	S  2
1318.654	0.002	659327	S107
1319.554	0.002	659777	S201
1320.194	0.002	660097	S  1
1321.75	0.002	660875	S118
1322.65	0.002	661325	S206
1322.917	1.434	661458.5	boundary
1323.448	0.002	661724	S108
1324.346	0.002	662173	S202
1324.96	0.002	662480	S  1
1326.51	0.002	663255	S103
1327.408	0.002	663704	S209
1328.02	0.002	664010	S  1
1329.572	0.002	664786	S119
1330.472	0.002	665236	S207
1331.188	0.002	665594	S  1
1332.736	0.002	666368	S124
1333.636	0.002	666818	S224
1334.106	0.002	667053	S  2
1335.65	0.002	667825	S113
1336.548	0.002	668274	S219
1337.044	0.002	668522	S  2
1338.596	0.002	669298	S111
1339.496	0.002	669748	S205
1340.08	0.002	670040	S  1
1341.626	0.002	670813	S104
1342.526	0.002	671263	S204
1343.046	0.002	671523	S  1
1344.59	0.002	672295	S101
1345.488	0.002	672744	S207
1346.02	0.002	673010	S  1
1347.57	0.002	673785	S117
1348.468	0.002	674234	S217
1348.942	0.002	674471	S  2
1350.5	0.002	675250	S102
1351.398	0.002	675699	S214
1352.566	0.002	676283	S  4
1355.16	0.002	677580	S107
1356.06	0.002	678030	S201
1356.447	4.724	678223.5	boundary
1356.73	0.002	678365	S124
1357.628	0.002	678814	S218
1358.08	0.002	679040	S  2
1359.628	0.002	679814	S103
1360.526	0.002	680263	S209
1361.146	0.002	680573	S  1
1362.69	0.002	681345	S106
1363.588	0.002	681794	S212
1363.86	0.002	681930	S  4
1365.404	0.002	682702	S109
1366.302	0.002	683151	S203
1366.884	0.002	683442	S  1
1368.434	0.002	684217	S119
1369.332	0.002	684666	S207
1369.866	0.002	684933	S  1
1371.414	0.002	685707	S120
1372.312	0.002	686156	S202
1372.898	0.002	686449	S  1
1374.444	0.002	687222	S110
1375.342	0.002	687671	S204
1375.978	0.002	687989	S  1
1377.524	0.002	688762	S115
1378.422	0.002	689211	S215
1378.886	0.002	689443	S  2
1380.438	0.002	690219	S112
1381.336	0.002	690668	S224
1382.148	0.002	691074	S  2
1383.7	0.002	691850	S123
1384.6	0.002	692300	S211
1385.112	0.002	692556	S  1
1386.662	0.002	693331	S122
1387.562	0.002	693781	S210
1388.206	0.002	694103	S  1
1389.76	0.002	694880	S114
1390.658	0.002	695329	S220
1391.158	0.002	695579	S  2
1392.706	0.002	696353	S121
1393.604	0.002	696802	S215
1394.204	0.002	697102	S  2
1395.752	0.002	697876	S118
1396.652	0.002	698326	S218
1397.33	0.002	698665	S  2
1398.882	0.002	699441	S105
1399.782	0.002	699891	S223
1400.41	0.002	700205	S  2
1401.962	0.002	700981	S108
1402.862	0.002	701431	S214
1403.334	0.002	701667	S  2
1404.892	0.002	702446	S116
1405.792	0.002	702896	S210
1406.352	0.002	703176	S  1
1407.906	0.002	703953	S103
1408.804	0.002	704402	S215
1409.436	0.002	704718	S  2
1410.986	0.002	705493	S120
1411.884	0.002	705942	S220
1412.4	0.002	706200	S  2
1413.948	0.002	706974	S111
1414.848	0.002	707424	S217
1415.424	0.002	707712	S  2
1416.978	0.002	708489	S104
1417.878	0.002	708939	S210
1418.682	0.002	709341	S  1
1420.226	0.002	710113	S115
1421.124	0.002	710562	S215
1421.852	0.002	710926	S  2
1423.406	0.002	711703	S114
1424.304	0.002	712152	S220
1424.774	0.002	712387	S  2
1426.318	0.002	713159	S106
1427.218	0.002	713609	S218
1427.714	0.002	713857	S  2
1429.264	0.002	714632	S116
1430.164	0.002	715082	S216
1430.766	0.002	715383	S  2
1432.312	0.002	716156	S109
1433.21	0.002	716605	S203
1433.67	0.002	716835	S  1
1435.224	0.002	717612	S108
1436.124	0.002	718062	S220
1436.626	0.002	718313	S  2
1438.172	0.002	719086	S102
1439.07	0.002	719535	S208
1439.794	0.002	719897	S  1
1441.352	0.002	720676	S112
1442.25	0.002	721125	S212
1442.75	0.002	721375	S  1
1444.298	0.002	722149	S121
1445.196	0.002	722598	S209
1445.646	0.002	722823	S  1
1447.194	0.002	723597	S117
1448.094	0.002	724047	S217
1448.642	0.002	724321	S  2
1450.192	0.002	725096	S119
1451.092	0.002	725546	S201
1451.263	1.688	725631.5	boundary
1451.5	0.002	725750	S110
1452.398	0.002	726199	S210
1452.892	0.002	726446	S  1
1454.446	0.002	727223	S122
1455.346	0.002	727673	S216
1455.952	0.002	727976	S  2
1457.51	0.002	728755	S118
1458.408	0.002	729204	S218
1458.874	0.002	729437	S  2
1460.424	0.002	730212	S113
1461.322	0.002	730661	S213
1461.876	0.002	730938	S  2
1463.42	0.002	731710	S124
1464.318	0.002	732159	S224
1464.786	0.002	732393	S  2
1466.334	0.002	733167	S123
1467.232	0.002	733616	S217
1467.718	0.002	733859	S  2
1469.264	0.002	734632	S107
1470.162	0.002	735081	S219
1470.66	0.002	735330	S  2
1472.21	0.002	736105	S105
1473.11	0.002	736555	S217
1473.918	0.002	736959	S  2
1475.474	0.002	737737	S101
1476.372	0.002	738186	S207
1476.862	0.002	738431	S  1
1477.914	0.002	738957	boundary
1479.592	0.002	739796	S105
1480.49	0.002	740245	S211
1481.11	0.002	740555	S  1
1482.654	0.002	741327	S122
1483.554	0.002	741777	S210
1484.038	0.002	742019	S  1
1485.586	0.002	742793	S108
1486.484	0.002	743242	S208
1486.994	0.002	743497	S  1
1488.548	0.002	744274	S115
1489.448	0.002	744724	S215
1489.858	0.002	744929	S  2
1491.412	0.002	745706	S109
1492.31	0.002	746155	S221
1492.892	0.002	746446	S  2
1494.442	0.002	747221	S121
1495.34	0.002	747670	S209
1495.838	0.002	747919	S  1
1497.388	0.002	748694	S119
1498.288	0.002	749144	S207
1498.764	0.002	749382	S  1
1500.318	0.002	750159	S124
1501.218	0.002	750609	S206
1501.666	0.002	750833	S  1
1503.214	0.002	751607	S104
1504.114	0.002	752057	S210
1504.55	0.002	752275	S  1
1506.096	0.002	753048	S114
1506.994	0.002	753497	S214
1507.4	0.002	753700	S  2
1508.96	0.002	754480	S117
1509.858	0.002	754929	S217
1510.246	0.002	755123	S  2
1511.806	0.002	755903	S101
1512.704	0.002	756352	S213
1513.174	0.002	756587	S  2
1514.72	0.002	757360	S110
1515.618	0.002	757809	S210
1516.026	0.002	758013	S  4
1517.582	0.002	758791	S113
1518.482	0.002	759241	S213
1518.926	0.002	759463	S  2
1520.478	0.002	760239	S112
1521.378	0.002	760689	S224
1521.952	0.002	760976	S  2
1523.508	0.002	761754	S123
1524.408	0.002	762204	S223
1524.938	0.002	762469	S  2
1526.49	0.002	763245	S111
1527.388	0.002	763694	S217
1527.874	0.002	763937	S  2
1529.418	0.002	764709	S107
1530.318	0.002	765159	S213
1530.758	0.002	765379	S  2
1532.316	0.002	766158	S120
1533.214	0.002	766607	S220
1533.732	0.002	766866	S  2
1535.278	0.002	767639	S106
1536.178	0.002	768089	S224
1536.7	0.002	768350	S  2
1538.244	0.002	769122	S118
1539.142	0.002	769571	S224
1539.638	0.002	769819	S  2
1541.188	0.002	770594	S102
1542.088	0.002	771044	S220
1542.62	0.002	771310	S  2
1544.168	0.002	772084	S116
1545.068	0.002	772534	S204
1545.65	0.002	772825	S  1
1547.198	0.002	773599	S103
1548.098	0.002	774049	S221
1548.6	0.002	774300	S  2
1550.146	0.002	775073	S111
1551.044	0.002	775522	S205
1554.806	0.002	777403	S123
1555.706	0.002	777853	S217
1556.23	0.002	778115	S  2
1557.788	0.002	778894	S118
1558.686	0.002	779343	S206
1559.206	0.002	779603	S  1
1560.752	0.002	780376	S124
1561.65	0.002	780825	S224
1562.406	0.002	781203	S  2
1563.964	0.002	781982	S107
1564.862	0.002	782431	S201
1565.436	0.002	782718	S  1
1566.994	0.002	783497	S116
1567.892	0.002	783946	S204
1568.698	0.002	784349	S  1
1570.256	0.002	785128	S105
1571.156	0.002	785578	S211
1571.83	0.002	785915	S  1
1573.386	0.002	786693	S121
1574.284	0.002	787142	S203
1574.92	0.002	787460	S  1
1576.466	0.002	788233	S120
1577.366	0.002	788683	S208
1577.856	0.002	788928	S  1
1579.412	0.002	789706	S122
1580.312	0.002	790156	S222
1580.77	0.002	790385	S  2
1582.326	0.002	791163	S110
1583.224	0.002	791612	S216
1583.718	0.002	791859	S  2
1585.272	0.002	792636	S102
1586.172	0.002	793086	S220
1586.67	0.002	793335	S  2
1588.22	0.002	794110	S112
1589.118	0.002	794559	S212
1589.792	0.002	794896	S  1
1591.35	0.002	795675	S109
1592.248	0.002	796124	S209
1592.816	0.002	796408	S  1
1594.362	0.002	797181	S103
1595.262	0.002	797631	S209
1596.53	0.002	798265	S  3
1599.024	0.002	799512	S117
1599.922	0.002	799961	S217
1600.458	0.002	800229	S  2
1602.004	0.002	801002	S101
1602.904	0.002	801452	S207
1603.522	0.002	801761	S  1
1605.068	0.002	802534	S104
1605.966	0.002	802983	S216
1606.512	0.002	803256	S  2
1608.064	0.002	804032	S113
1608.962	0.002	804481	S213
1609.488	0.002	804744	S  2
1611.044	0.002	805522	S119
1611.942	0.002	805971	S213
1612.878	0.002	806439	S  2
1614.424	0.002	807212	S108
1615.322	0.002	807661	S202
1615.932	0.002	807966	S  1
1617.488	0.002	808744	S106
1618.386	0.002	809193	S218
1618.936	0.002	809468	S  2
1620.484	0.002	810242	S115
1621.382	0.002	810691	S215
1621.828	0.002	810914	S  2
1623.38	0.002	811690	S114
1624.278	0.002	812139	S214
1625.01	0.002	812505	S  2
1626.56	0.002	813280	S124
1627.46	0.002	813730	S212
1628.158	0.002	814079	S  1
1629.69	0.002	814845	S107
1630.606	0.002	815303	S201
1631.15	0.002	815575	S  1
1632.704	0.002	816352	S115
1633.602	0.002	816801	S215
1634.078	0.002	817039	S  2
1635.632	0.002	817816	S122
1636.532	0.002	818266	S222
1637.128	0.002	818564	S  2
1638.68	0.002	819340	S118
1639.578	0.002	819789	S224
1640.218	0.002	820109	S  2
1641.776	0.002	820888	S105
1642.674	0.002	821337	S217
1643.206	0.002	821603	S  2
1644.756	0.002	822378	S103
1645.654	0.002	822827	S209
1646.194	0.002	823097	S  4
1647.754	0.002	823877	S109
1648.652	0.002	824326	S209
1649.302	0.002	824651	S  1
1650.848	0.002	825424	S119
1651.748	0.002	825874	S207
1652.6	0.002	826300	S  1
1654.146	0.002	827073	S117
1655.044	0.002	827522	S205
1655.65	0.002	827825	S  4
1657.192	0.002	828596	S110
1658.09	0.002	829045	S210
1658.704	0.002	829352	S  1
1660.254	0.002	830127	S106
1661.154	0.002	830577	S206
1661.672	0.002	830836	S  1
1663.22	0.002	831610	S102
1664.118	0.002	832059	S220
1664.578	0.002	832289	S  2
1666.132	0.002	833066	S111
1667.03	0.002	833515	S223
1667.592	0.002	833796	S  2
1669.146	0.002	834573	S113
1670.044	0.002	835022	S213
1670.66	0.002	835330	S  2
1672.208	0.002	836104	S121
1673.108	0.002	836554	S209
1673.928	0.002	836964	S  1
1675.472	0.002	837736	S116
1676.37	0.002	838185	S210
1677.062	0.002	838531	S  1
1678.618	0.002	839309	S114
1679.516	0.002	839758	S202
1680.024	0.002	840012	S  1
1681.582	0.002	840791	S108
1682.48	0.002	841240	S202
1682.968	0.002	841484	S  1
1684.512	0.002	842256	S120
1685.41	0.002	842705	S220
1685.912	0.002	842956	S  2
1687.458	0.002	843729	S112
1688.356	0.002	844178	S206
1688.8	0.002	844400	S  1
1690.356	0.002	845178	S104
1691.254	0.002	845627	S210
1691.624	0.002	845812	S  1
1693.168	0.002	846584	S101
1694.066	0.002	847033	S201
1694.484	0.002	847242	S  1
1696.032	0.002	848016	S123
1696.93	0.002	848465	S223
1697.604	0.002	848802	S  2
1698.491	n/a	849245.5	boundary
1699.138	0.002	849569	S117
1700.038	0.002	850019	S223
1700.592	0.002	850296	S  2
1702.134	0.002	851067	S103
1703.034	0.002	851517	S215
1703.928	0.002	851964	S  2
1705.48	0.002	852740	S124
1706.38	0.002	853190	S224
1706.968	0.002	853484	S  2
1708.51	0.002	854255	S111
1709.41	0.002	854705	S223
1709.986	0.002	854993	S  2
1710.537	0.842	855268.5	boundary
1710.698	0.002	855349	S108
1711.598	0.002	855799	S208
1712.102	0.002	856051	S  1
1713.646	0.002	856823	S121
1714.544	0.002	857272	S221
1717.908	0.002	858954	S102
1718.806	0.002	859403	S208
1719.45	0.002	859725	S  1
1721.004	0.002	860502	S123
1721.902	0.002	860951	S217
1722.414	0.002	861207	S  2
1723.968	0.002	861984	S116
1724.866	0.002	862433	S222
1725.514	0.002	862757	S  2
1727.064	0.002	863532	S110
1727.962	0.002	863981	S216
1728.472	0.002	864236	S  2
1730.028	0.002	865014	S113
1730.926	0.002	865463	S201
1731.608	0.002	865804	S  1
1733.158	0.002	866579	S104
1734.056	0.002	867028	S204
1734.62	0.002	867310	S  1
1736.17	0.002	868085	S106
1737.07	0.002	868535	S206
1737.558	0.002	868779	S  1
1739.1	0.002	869550	S101
1740	0.002	870000	S201
1740.494	0.002	870247	S  1
1742.046	0.002	871023	S109
1742.946	0.002	871473	S221
1743.504	0.002	871752	S  2
1745.06	0.002	872530	S118
1745.96	0.002	872980	S218
1746.428	0.002	873214	S  2
1747.974	0.002	873987	S112
1748.351	0.67	874175.5	boundary
1748.766	0.002	874383	S  1
1750.318	0.002	875159	S115
1751.216	0.002	875608	S221
1751.672	0.002	875836	S  2
1753.23	0.002	876615	S120
1754.13	0.002	877065	S208
1754.658	0.002	877329	S  1
1756.212	0.002	878106	S105
1757.11	0.002	878555	S223
1757.636	0.002	878818	S  2
1759.192	0.002	879596	S107
1760.09	0.002	880045	S207
1760.556	0.002	880278	S  4
1762.104	0.002	881052	S114
1763.002	0.002	881501	S214
1763.568	0.002	881784	S  2
1765.118	0.002	882559	S122
1766.016	0.002	883008	S222
1766.624	0.002	883312	S  2
1768.18	0.002	884090	S119
1769.08	0.002	884540	S201
1769.612	0.002	884806	S  1
1771.16	0.002	885580	S103
1772.06	0.002	886030	S209
1772.604	0.002	886302	S  1
1774.158	0.002	887079	S110
1774.557	0.676	887278.5	boundary
1774.962	0.002	887481	S  2
1776.51	0.002	888255	S115
1777.41	0.002	888705	S221
1778.124	0.002	889062	S  2
1779.674	0.002	889837	S107
1780.572	0.002	890286	S213
1781.04	0.002	890520	S  2
1782.588	0.002	891294	S121
1783.486	0.002	891743	S221
1784.048	0.002	892024	S  2
1785.6	0.002	892800	S101
1786.5	0.002	893250	S207
1786.926	0.002	893463	S  1
1788.48	0.002	894240	S109
1789.38	0.002	894690	S215
1789.826	0.002	894913	S  2
1791.378	0.002	895689	S116
1792.276	0.002	896138	S204
1793.054	0.002	896527	S  1
1794.608	0.002	897304	S118
1795.506	0.002	897753	S224
1796.032	0.002	898016	S  2
1797.588	0.002	898794	S111
1798.486	0.002	899243	S211
1798.936	0.002	899468	S  1
1800.484	0.002	900242	S112
1801.382	0.002	900691	S212
1801.942	0.002	900971	S  1
1803.496	0.002	901748	S113
1804.396	0.002	902198	S219
1804.858	0.002	902429	S  2
1806.41	0.002	903205	S108
1807.31	0.002	903655	S214
1807.87	0.002	903935	S  2
1809.424	0.002	904712	S123
1810.324	0.002	905162	S205
1810.816	0.002	905408	S  4
1812.37	0.002	906185	S114
1813.27	0.002	906635	S214
1813.826	0.002	906913	S  2
1815.384	0.002	907692	S124
1816.282	0.002	908141	S218
1817.102	0.002	908551	S  2
1818.648	0.002	909324	S105
1819.546	0.002	909773	S205
1820.044	0.002	910022	S  1
1821.594	0.002	910797	S117
1822.492	0.002	911246	S217
1822.922	0.002	911461	S  2
1824.474	0.002	912237	S104
1825.372	0.002	912686	S210
1825.822	0.002	912911	S  1
1827.37	0.002	913685	S122
1828.27	0.002	914135	S204
1829.002	0.002	914501	S  1
1830.55	0.002	915275	S106
1831.448	0.002	915724	S206
1831.99	0.002	915995	S  1
1833.546	0.002	916773	S102
1834.446	0.002	917223	S202
1835.02	0.002	917510	S  1
1836.576	0.002	918288	S120
1837.476	0.002	918738	S214
1837.89	0.002	918945	S  2
1839.44	0.002	919720	S119
1840.338	0.002	920169	S219
1841.354	0.002	920677	S  4
1844.102	0.002	922051	S101
1845	0.002	922500	S207
1845.426	0.002	922713	S  1
1846.982	0.002	923491	S106
1847.88	0.002	923940	S224
1848.376	0.002	924188	S  2
1849.928	0.002	924964	S110
1850.828	0.002	925414	S204
1851.486	0.002	925743	S  1
1853.042	0.002	926521	S121
1853.94	0.002	926970	S221
1854.514	0.002	927257	S  2
1854.957	0.788	927478.5	boundary
1855.284	0.002	927642	S116
1856.182	0.002	928091	S222
1856.638	0.002	928319	S  2
1858.18	0.002	929090	S112
1859.078	0.002	929539	S224
1859.616	0.002	929808	S  2
1861.16	0.002	930580	S119
1862.058	0.002	931029	S207
1862.596	0.002	931298	S  1
1864.14	0.002	932070	S103
1865.038	0.002	932519	S209
1865.532	0.002	932766	S  1
1867.086	0.002	933543	S120
1867.986	0.002	933993	S202
1868.542	0.002	934271	S  1
1870.1	0.002	935050	S124
1870.998	0.002	935499	S224
1871.53	0.002	935765	S  2
1873.08	0.002	936540	S107
1873.978	0.002	936989	S219
1874.568	0.002	937284	S  2
1876.11	0.002	938055	S117
1877.008	0.002	938504	S223
1877.648	0.002	938824	S  3
1879.208	0.002	939604	S109
1880.106	0.002	940053	S203
1880.61	0.002	940305	S  1
1882.154	0.002	941077	S113
1883.052	0.002	941526	S201
1883.65	0.002	941825	S  1
1885.2	0.002	942600	S114
1886.098	0.002	943049	S214
1886.664	0.002	943332	S  2
1888.214	0.002	944107	S108
1889.112	0.002	944556	S214
1889.808	0.002	944904	S  2
1891.36	0.002	945680	S111
1892.258	0.002	946129	S211
1892.968	0.002	946484	S  1
1894.524	0.002	947262	S122
1895.422	0.002	947711	S222
1896.09	0.002	948045	S  2
1897.636	0.002	948818	S105
1898.534	0.002	949267	S205
1899.148	0.002	949574	S  1
1899.445	1.176	949722.5	boundary
1899.522	0.002	949761	S123
1900.422	0.002	950211	S223
1900.982	0.002	950491	S  2
1902.536	0.002	951268	S102
1903.436	0.002	951718	S202
1903.928	0.002	951964	S  1
1905.482	0.002	952741	S118
1906.382	0.002	953191	S224
1907.026	0.002	953513	S  2
1907.519	0.804	953759.5	boundary
1907.776	0.002	953888	S115
1908.674	0.002	954337	S215
1909.374	0.002	954687	S  2
1910.922	0.002	955461	S104
1911.82	0.002	955910	S210
1912.392	0.002	956196	S  1
1912.957	4.784	956478.5	boundary
1913.63	0.002	956815	S112
1914.528	0.002	957264	S212
1915.128	0.002	957564	S  1
1916.678	0.002	958339	S107
1917.576	0.002	958788	S201
1918.132	0.002	959066	S  1
1919.672	0.002	959836	S111
1920.572	0.002	960286	S205
1921.078	0.002	960539	S  1
1922.62	0.002	961310	S122
1923.518	0.002	961759	S222
1923.94	0.002	961970	S  2
1925.484	0.002	962742	S105
1926.382	0.002	963191	S205
1926.762	0.002	963381	S  1
1928.314	0.002	964157	S103
1929.212	0.002	964606	S209
1932.774	0.002	966387	S109
1933.674	0.002	966837	S215
1934.216	0.002	967108	S  2
1935.772	0.002	967886	S102
1936.67	0.002	968335	S208
1937.198	0.002	968599	S  1
1938.752	0.002	969376	S123
1939.65	0.002	969825	S211
1940.15	0.002	970075	S  1
1941.698	0.002	970849	S108
1942.598	0.002	971299	S214
1943.07	0.002	971535	S  2
1944.628	0.002	972314	S121
1945.528	0.002	972764	S221
1946.012	0.002	973006	S  2
1947.558	0.002	973779	S118
1948.458	0.002	974229	S224
1948.968	0.002	974484	S  2
1950.522	0.002	975261	S116
1950.861	0.448	975430.5	boundary
1950.972	0.002	975486	S204
1951.51	0.002	975755	S  1
1953.054	0.002	976527	S104
1953.952	0.002	976976	S204
1954.404	0.002	977202	S  1
1955.95	0.002	977975	S101
1956.85	0.002	978425	S207
1957.362	0.002	978681	S  1
1958.914	0.002	979457	S119
1959.812	0.002	979906	S219
1960.26	0.002	980130	S  2
1961.812	0.002	980906	S113
1962.71	0.002	981355	S213
1963.194	0.002	981597	S  2
1964.74	0.002	982370	S106
1965.64	0.002	982820	S212
1966.118	0.002	983059	S  1
1967.672	0.002	983836	S114
1968.57	0.002	984285	S220
1969.056	0.002	984528	S  2
1970.6	0.002	985300	S115
1971.5	0.002	985750	S209
1972.026	0.002	986013	S  1
1973.582	0.002	986791	S110
1974.48	0.002	987240	S204
1975.076	0.002	987538	S  1
1976.626	0.002	988313	S124
1977.526	0.002	988763	S218
1977.97	0.002	988985	S  2
1979.524	0.002	989762	S120
1980.422	0.002	990211	S202
1980.888	0.002	990444	S  4
1982.438	0.002	991219	S117
1983.336	0.002	991668	S223
1983.792	0.002	991896	S  2
1985.352	0.002	992676	S106
1986.25	0.002	993125	S206
1986.644	0.002	993322	S  1
1988.198	0.002	994099	S119
1989.096	0.002	994548	S213
1989.484	0.002	994742	S  2
1991.028	0.002	995514	S120
1991.926	0.002	995963	S208
1992.416	0.002	996208	S  1
1993.974	0.002	996987	S105
1994.874	0.002	997437	S205
1995.252	0.002	997626	S  1
1996.806	0.002	998403	S124
1997.704	0.002	998852	S224
1998.112	0.002	999056	S  2
1999.668	0.002	999834	S108
2000.566	0.002	1000283	S208
2000.96	0.002	1000480	S  1
2002.516	0.002	1001258	S102
2003.414	0.002	1001707	S202
2003.882	0.002	1001941	S  1
2005.428	0.002	1002714	S112
2006.326	0.002	1003163	S206
2006.776	0.002	1003388	S  1
2008.324	0.002	1004162	S104
2009.224	0.002	1004612	S210
2009.658	0.002	1004829	S  1
2011.204	0.002	1005602	S113
2012.104	0.002	1006052	S213
2012.528	0.002	1006264	S  2
2014.086	0.002	1007043	S122
2014.984	0.002	1007492	S204
2015.494	0.002	1007747	S  1
2017.05	0.002	1008525	S123
2017.948	0.002	1008974	S205
2018.424	0.002	1009212	S  1
2019.978	0.002	1009989	S101
2020.878	0.002	1010439	S201
2021.326	0.002	1010663	S  1
2022.874	0.002	1011437	S103
2023.774	0.002	1011887	S221
2024.332	0.002	1012166	S  2
2025.888	0.002	1012944	S117
2026.788	0.002	1013394	S205
2027.252	0.002	1013626	S  4
2028.802	0.002	1014401	S111
2029.7	0.002	1014850	S217
2030.19	0.002	1015095	S  2
2031.748	0.002	1015874	S114
2032.648	0.002	1016324	S202
2033.09	0.002	1016545	S  1
2034.646	0.002	1017323	S116
2035.544	0.002	1017772	S210
2035.986	0.002	1017993	S  4
2037.542	0.002	1018771	S118
2038.44	0.002	1019220	S212
2039.034	0.002	1019517	S  1
2040.59	0.002	1020295	S115
2041.488	0.002	1020744	S215
2042.12	0.002	1021060	S  2
2043.668	0.002	1021834	S109
2044.568	0.002	1022284	S221
2045.164	0.002	1022582	S  2
2046.716	0.002	1023358	S110
2047.614	0.002	1023807	S222
2048.08	0.002	1024040	S  2
2049.63	0.002	1024815	S121
2050.528	0.002	1025264	S215
2051.004	0.002	1025502	S  2
2052.558	0.002	1026279	S107
2053.458	0.002	1026729	S201
2054.032	0.002	1027016	S  1
2055.588	0.002	1027794	S101
2056.488	0.002	1028244	S201
2056.99	0.002	1028495	S  1
2058.534	0.002	1029267	S124
2059.434	0.002	1029717	S224
2059.916	0.002	1029958	S  2
2061.466	0.002	1030733	S112
2062.364	0.002	1031182	S218
2062.671	0.714	1031335.5	boundary
2063.78	0.002	1031890	S110
2064.68	0.002	1032340	S210
2065.134	0.002	1032567	S  1
2066.678	0.002	1033339	S119
2067.576	0.002	1033788	S213
2068.04	0.002	1034020	S  2
2069.59	0.002	1034795	S105
2070.49	0.002	1035245	S211
2070.988	0.002	1035494	S  1
2072.538	0.002	1036269	S107
2073.436	0.002	1036718	S219
2073.731	0.588	1036865.5	boundary
2074.896	0.002	1037448	S120
2075.796	0.002	1037898	S202
2076.326	0.002	1038163	S  1
2077.876	0.002	1038938	S122
2078.776	0.002	1039388	S222
2079.156	0.002	1039578	S  2
2080.708	0.002	1040354	S113
2081.606	0.002	1040803	S219
2082.184	0.002	1041092	S  2
2083.736	0.002	1041868	S123
2084.636	0.002	1042318	S223
2085.192	0.002	1042596	S  2
2086.75	0.002	1043375	S109
2087.65	0.002	1043825	S203
2088.132	0.002	1044066	S  1
2089.68	0.002	1044840	S103
2090.578	0.002	1045289	S203
2090.835	2.57	1045417.5	boundary
2091.038	0.002	1045519	S222
2091.518	0.002	1045759	S  2
2093.07	0.002	1046535	S104
2093.968	0.002	1046984	S204
2094.418	0.002	1047209	S  1
2095.968	0.002	1047984	S106
2096.866	0.002	1048433	S212
2097.388	0.002	1048694	S  1
2098.93	0.002	1049465	S118
2099.828	0.002	1049914	S206
2100.358	0.002	1050179	S  1
2101.91	0.002	1050955	S114
2102.808	0.002	1051404	S214
2103.202	0.002	1051601	S  2
2104.758	0.002	1052379	S108
2105.656	0.002	1052828	S202
2106.122	0.002	1053061	S  1
2107.67	0.002	1053835	S117
2108.568	0.002	1054284	S217
2109.018	0.002	1054509	S  2
2110.566	0.002	1055283	S115
2111.466	0.002	1055733	S203
2112.044	0.002	1056022	S  1
2113.598	0.002	1056799	S102
2114.496	0.002	1057248	S208
2115.21	0.002	1057605	S  1
2116.76	0.002	1058380	S121
2117.658	0.002	1058829	S215
2118.156	0.002	1059078	S  2
2119.706	0.002	1059853	S111
2120.606	0.002	1060303	S205
2121.06	0.002	1060530	S  1
2121.755	2.706	1060877.5	boundary
2122.306	0.002	1061153	S108
2123.204	0.002	1061602	S214
2123.714	0.002	1061857	S  2
2125.268	0.002	1062634	S124
2126.166	0.002	1063083	S218
2126.852	0.002	1063426	S  2
2128.398	0.002	1064199	S119
2129.298	0.002	1064649	S219
2129.734	0.002	1064867	S  2
2131.278	0.002	1065639	S120
2132.176	0.002	1066088	S202
2132.678	0.002	1066339	S  1
2134.226	0.002	1067113	S115
2135.124	0.002	1067562	S215
2135.702	0.002	1067851	S  2
2137.256	0.002	1068628	S111
2138.154	0.002	1069077	S205
2138.582	0.002	1069291	S  1
2140.134	0.002	1070067	S112
2141.034	0.002	1070517	S206
2141.422	0.002	1070711	S  1
2142.964	0.002	1071482	S122
2143.864	0.002	1071932	S222
2144.272	0.002	1072136	S  2
2145.828	0.002	1072914	S109
2146.726	0.002	1073363	S221
2147.266	0.002	1073633	S  2
2148.808	0.002	1074404	S118
2149.706	0.002	1074853	S212
2150.194	0.002	1075097	S  1
2151.738	0.002	1075869	S114
2152.636	0.002	1076318	S220
2153.286	0.002	1076643	S  2
2154.834	0.002	1077417	S123
2155.734	0.002	1077867	S211
2156.212	0.002	1078106	S  1
2157.764	0.002	1078882	S103
2158.664	0.002	1079332	S209
2159.21	0.002	1079605	S  1
2160.762	0.002	1080381	S101
2161.66	0.002	1080830	S213
2162.142	0.002	1081071	S  2
2163.692	0.002	1081846	S107
2164.59	0.002	1082295	S201
2165.162	0.002	1082581	S  1
2166.706	0.002	1083353	S102
2167.604	0.002	1083802	S208
2168.072	0.002	1084036	S  1
2169.618	0.002	1084809	S104
2170.516	0.002	1085258	S222
2171.082	0.002	1085541	S  2
2172.632	0.002	1086316	S113
2173.53	0.002	1086765	S213
2174.056	0.002	1087028	S  2
2175.612	0.002	1087806	S117
2176.51	0.002	1088255	S211
2176.99	0.002	1088495	S  1
2178.542	0.002	1089271	S116
2179.44	0.002	1089720	S216
2179.902	0.002	1089951	S  2
2181.454	0.002	1090727	S106
2182.354	0.002	1091177	S206
2182.81	0.002	1091405	S  1
2184.368	0.002	1092184	S121
2185.266	0.002	1092633	S215
2185.718	0.002	1092859	S  2
2187.264	0.002	1093632	S110
2188.164	0.002	1094082	S210
2188.596	0.002	1094298	S  1
2190.146	0.002	1095073	S105
2191.044	0.002	1095522	S223
2191.616	0.002	1095808	S  2
2193.158	0.002	1096579	S124
2194.056	0.002	1097028	S218
2194.668	0.002	1097334	S  2
2196.222	0.002	1098111	S121
2197.12	0.002	1098560	S215
2197.76	0.002	1098880	S  2
2199.318	0.002	1099659	S111
2200.216	0.002	1100108	S205
2200.844	0.002	1100422	S  1
2202.398	0.002	1101199	S102
2203.296	0.002	1101648	S208
2203.878	0.002	1101939	S  1
2205.428	0.002	1102714	S117
2206.326	0.002	1103163	S211
2206.902	0.002	1103451	S  1
2208.458	0.002	1104229	S108
2209.356	0.002	1104678	S208
2209.964	0.002	1104982	S  1
2211.52	0.002	1105760	S115
2212.42	0.002	1106210	S221
2213.046	0.002	1106523	S  2
2214.6	0.002	1107300	S103
2215.5	0.002	1107750	S209
2216.116	0.002	1108058	S  1
2217.664	0.002	1108832	S118
2218.562	0.002	1109281	S224
2219.188	0.002	1109594	S  2
2220.744	0.002	1110372	S109
2221.642	0.002	1110821	S221
2222.404	0.002	1111202	S  2
2223.958	0.002	1111979	S110
2224.856	0.002	1112428	S222
2225.323	1.272	1112661.5	boundary
2226.946	0.002	1113473	S114
2227.846	0.002	1113923	S202
2228.414	0.002	1114207	S  1
2229.96	0.002	1114980	S119
2230.858	0.002	1115429	S207
2231.594	0.002	1115797	S  1
2233.14	0.002	1116570	S106
2234.038	0.002	1117019	S206
2234.81	0.002	1117405	S  1
2235.491	3.344	1117745.5	boundary
2236.088	0.002	1118044	S113
2236.988	0.002	1118494	S219
2237.514	0.002	1118757	S  2
2239.07	0.002	1119535	S105
2239.968	0.002	1119984	S223
2240.494	0.002	1120247	S  2
2242.048	0.002	1121024	S122
2242.948	0.002	1121474	S222
2243.181	1.656	1121590.5	boundary
2243.44	0.002	1121720	S116
2244.338	0.002	1122169	S204
2245.1	0.002	1122550	S  1
2245.229	1.012	1122614.5	boundary
2245.64	0.002	1122820	S112
2246.54	0.002	1123270	S206
2247.286	0.002	1123643	S  1
2248.836	0.002	1124418	S101
2249.736	0.002	1124868	S213
2250.266	0.002	1125133	S  2
2251.816	0.002	1125908	S123
2252.716	0.002	1126358	S211
2253.27	0.002	1126635	S  1
2254.814	0.002	1127407	S107
2255.712	0.002	1127856	S213
2256.232	0.002	1128116	S  2
2257.778	0.002	1128889	S120
2258.676	0.002	1129338	S220
2259.142	0.002	1129571	S  2
2260.69	0.002	1130345	S118
2261.59	0.002	1130795	S224
2262.184	0.002	1131092	S  2
2263.736	0.002	1131868	S124
2264.636	0.002	1132318	S218
2265.18	0.002	1132590	S  2
2266.734	0.002	1133367	S119
2267.632	0.002	1133816	S219
2268.172	0.002	1134086	S  2
2269.73	0.002	1134865	S121
2270.628	0.002	1135314	S221
2270.795	5.086	1135397.5	boundary
2271.452	0.002	1135726	S217
2271.972	0.002	1135986	S  2
2273.518	0.002	1136759	S104
2274.416	0.002	1137208	S210
2275.002	0.002	1137501	S  4
2276.546	0.002	1138273	S107
2277.446	0.002	1138723	S201
2278.048	0.002	1139024	S  4
2279.594	0.002	1139797	S117
2280.494	0.002	1140247	S211
2281.07	0.002	1140535	S  1
2282.624	0.002	1141312	S116
2283.522	0.002	1141761	S222
2284.2	0.002	1142100	S  2
2285.754	0.002	1142877	S111
2286.652	0.002	1143326	S205
2287.244	0.002	1143622	S  1
2288.8	0.002	1144400	S108
2289.698	0.002	1144849	S208
2290.202	0.002	1145101	S  1
2291.746	0.002	1145873	S115
2292.646	0.002	1146323	S215
2293.144	0.002	1146572	S  2
2294.694	0.002	1147347	S105
2295.592	0.002	1147796	S211
2296.226	0.002	1148113	S  1
2296.643	0.96	1148321.5	boundary
2296.814	0.002	1148407	S103
2297.712	0.002	1148856	S209
2298.498	0.002	1149249	S  1
2300.042	0.002	1150021	S114
2300.942	0.002	1150471	S220
2301.708	0.002	1150854	S  2
2303.256	0.002	1151628	S113
2304.154	0.002	1152077	S213
2304.684	0.002	1152342	S  2
2306.236	0.002	1153118	S102
2307.134	0.002	1153567	S202
2307.754	0.002	1153877	S  1
2309.3	0.002	1154650	S112
2310.198	0.002	1155099	S206
2311.59	0.002	1155795	S  3
2313.56	0.002	1156780	S120
2314.46	0.002	1157230	S202
2315.04	0.002	1157520	S  1
2316.592	0.002	1158296	S110
2317.49	0.002	1158745	S204
2317.948	0.002	1158974	S  4
2319.504	0.002	1159752	S101
2320.404	0.002	1160202	S207
2321.05	0.002	1160525	S  1
2322.6	0.002	1161300	S109
2323.5	0.002	1161750	S209
2324.108	0.002	1162054	S  1
2325.664	0.002	1162832	S106
2326.562	0.002	1163281	S224
2327.15	0.002	1163575	S  2
2327.481	2.958	1163740.5	boundary
2328.068	0.002	1164034	S119
2328.968	0.002	1164484	S213
2329.492	0.002	1164746	S  2
2331.048	0.002	1165524	S107
2331.948	0.002	1165974	S201
2332.42	0.002	1166210	S  1
2333.962	0.002	1166981	S115
2334.862	0.002	1167431	S215
2335.354	0.002	1167677	S  2
2336.908	0.002	1168454	S110
2337.808	0.002	1168904	S210
2338.216	0.002	1169108	S  1
2339.772	0.002	1169886	S104
2340.672	0.002	1170336	S210
2341.06	0.002	1170530	S  1
2342.62	0.002	1171310	S123
2343.518	0.002	1171759	S211
2344.012	0.002	1172006	S  1
2345.566	0.002	1172783	S106
2346.464	0.002	1173232	S206
2346.87	0.002	1173435	S  4
2348.412	0.002	1174206	S103
2349.312	0.002	1174656	S203
2349.734	0.002	1174867	S  1
2351.292	0.002	1175646	S112
2352.192	0.002	1176096	S206
2352.636	0.002	1176318	S  4
2354.19	0.002	1177095	S102
2355.088	0.002	1177544	S208
2355.852	0.002	1177926	S  1
2357.402	0.002	1178701	S108
2358.302	0.002	1179151	S202
2358.794	0.002	1179397	S  1
2360.35	0.002	1180175	S124
2361.248	0.002	1180624	S212
2361.738	0.002	1180869	S  1
2363.28	0.002	1181640	S116
2364.178	0.002	1182089	S210
2364.602	0.002	1182301	S  1
2366.16	0.002	1183080	S121
2367.058	0.002	1183529	S221
2367.484	0.002	1183742	S  2
2369.04	0.002	1184520	S113
2369.938	0.002	1184969	S219
2370.364	0.002	1185182	S  2
2371.92	0.002	1185960	S120
2372.818	0.002	1186409	S214
2373.312	0.002	1186656	S  2
2374.866	0.002	1187433	S122
2375.766	0.002	1187883	S216
2376.212	0.002	1188106	S  2
2377.762	0.002	1188881	S101
2378.662	0.002	1189331	S213
2379.114	0.002	1189557	S  2
2380.66	0.002	1190330	S111
2381.558	0.002	1190779	S211
2382.01	0.002	1191005	S  1
2383.558	0.002	1191779	S117
2384.456	0.002	1192228	S223
2384.908	0.002	1192454	S  2
2385.275	1.464	1192637.5	boundary
2385.888	0.002	1192944	S211
2386.314	0.002	1193157	S  1
2387.87	0.002	1193935	S118
2388.768	0.002	1194384	S224
2389.19	0.002	1194595	S  2
2390.734	0.002	1195367	S109
2391.632	0.002	1195816	S215
2392.076	0.002	1196038	S  2
2393.63	0.002	1196815	S114
2394.528	0.002	1197264	S208
2395.024	0.002	1197512	S  1
2396.576	0.002	1198288	S119
2397.476	0.002	1198738	S213
2397.844	0.002	1198922	S  2
2399.39	0.002	1199695	S123
2400.288	0.002	1200144	S217
2400.678	0.002	1200339	S  2
2402.236	0.002	1201118	S109
2403.136	0.002	1201568	S209
2403.564	0.002	1201782	S  1
2405.116	0.002	1202558	S101
2406.016	0.002	1203008	S207
2406.43	0.002	1203215	S  1
2407.98	0.002	1203990	S111
2408.878	0.002	1204439	S217
2409.362	0.002	1204681	S  2
2410.91	0.002	1205455	S120
2411.81	0.002	1205905	S208
2412.322	0.002	1206161	S  1
2413.874	0.002	1206937	S103
2414.772	0.002	1207386	S209
2415.112	0.002	1207556	S  4
2416.67	0.002	1208335	S102
2417.57	0.002	1208785	S202
2418.204	0.002	1209102	S  1
2419.75	0.002	1209875	S124
2420.648	0.002	1210324	S224
2421.176	0.002	1210588	S  2
2422.73	0.002	1211365	S122
2423.628	0.002	1211814	S216
2424.082	0.002	1212041	S  2
2425.628	0.002	1212814	S108
2426.526	0.002	1213263	S220
2427.006	0.002	1213503	S  2
2428.556	0.002	1214278	S107
2429.456	0.002	1214728	S201
2430.098	0.002	1215049	S  1
2431.654	0.002	1215827	S112
2432.552	0.002	1216276	S206
2432.972	0.002	1216486	S  1
2434.516	0.002	1217258	S106
2435.416	0.002	1217708	S206
2435.904	0.002	1217952	S  1
2437.448	0.002	1218724	S114
2438.346	0.002	1219173	S214
2438.746	0.002	1219373	S  2
2440.294	0.002	1220147	S115
2441.192	0.002	1220596	S203
2441.676	0.002	1220838	S  1
2443.224	0.002	1221612	S104
2444.122	0.002	1222061	S204
2444.584	0.002	1222292	S  1
2446.136	0.002	1223068	S113
2447.036	0.002	1223518	S219
2447.502	0.002	1223751	S  2
2449.052	0.002	1224526	S110
2449.95	0.002	1224975	S222
2450.438	0.002	1225219	S  2
2451.982	0.002	1225991	S121
2452.88	0.002	1226440	S221
2453.306	0.002	1226653	S  3
2454.862	0.002	1227431	S117
2455.76	0.002	1227880	S217
2456.242	0.002	1228121	S  2
2457.79	0.002	1228895	S116
2458.69	0.002	1229345	S216
2459.112	0.002	1229556	S  2
2460.654	0.002	1230327	S118
2461.552	0.002	1230776	S212
2462.096	0.002	1231048	S  1
2463.65	0.002	1231825	S105
2464.55	0.002	1232275	S205
2465.064	0.002	1232532	S  1
2466.614	0.002	1233307	S107
2467.512	0.002	1233756	S219
2467.99	0.002	1233995	S  2
2469.544	0.002	1234772	S124
2470.442	0.002	1235221	S224
2470.884	0.002	1235442	S  2
2472.44	0.002	1236220	S117
2473.34	0.002	1236670	S223
2473.816	0.002	1236908	S  2
2475.37	0.002	1237685	S110
2476.27	0.002	1238135	S210
2476.752	0.002	1238376	S  1
2478.302	0.002	1239151	S103
2479.2	0.002	1239600	S203
2479.776	0.002	1239888	S  1
2481.33	0.002	1240665	S104
2482.23	0.002	1241115	S216
2482.708	0.002	1241354	S  2
2484.26	0.002	1242130	S102
2485.16	0.002	1242580	S202
2485.718	0.002	1242859	S  1
2487.274	0.002	1243637	S111
2488.174	0.002	1244087	S223
2488.65	0.002	1244325	S  2
2490.204	0.002	1245102	S122
2491.104	0.002	1245552	S216
2491.582	0.002	1245791	S  2
2493.134	0.002	1246567	S120
2494.034	0.002	1247017	S214
2494.536	0.002	1247268	S  2
2496.082	0.002	1248041	S116
2496.98	0.002	1248490	S204
2497.542	0.002	1248771	S  1
2499.094	0.002	1249547	S106
2499.994	0.002	1249997	S224
2500.458	0.002	1250229	S  2
2502.008	0.002	1251004	S113
2502.906	0.002	1251453	S219
2503.326	0.002	1251663	S  2
2504.87	0.002	1252435	S105
2505.77	0.002	1252885	S205
2506.218	0.002	1253109	S  1
2507.768	0.002	1253884	S109
2508.666	0.002	1254333	S203
2509.156	0.002	1254578	S  1
2510.714	0.002	1255357	S121
2511.614	0.002	1255807	S221
2512.072	0.002	1256036	S  2
2513.628	0.002	1256814	S108
2514.526	0.002	1257263	S208
2515.038	0.002	1257519	S  4
2516.592	0.002	1258296	S123
2517.49	0.002	1258745	S217
2517.966	0.002	1258983	S  2
2519.522	0.002	1259761	S112
2520.42	0.002	1260210	S224
2520.956	0.002	1260478	S  2
2522.502	0.002	1261251	S119
2523.4	0.002	1261700	S219
2523.942	0.002	1261971	S  2
2525.498	0.002	1262749	S115
2526.396	0.002	1263198	S203
2526.966	0.002	1263483	S  1
2528.51	0.002	1264255	S101
2529.41	0.002	1264705	S201
2530.004	0.002	1265002	S  1
2531.558	0.002	1265779	S118
2532.456	0.002	1266228	S206
2532.938	0.002	1266469	S  1
2534.488	0.002	1267244	S114
2535.388	0.002	1267694	S202
2535.93	0.002	1267965	S  1
2536.271	3.25	1268135.5	boundary
2536.716	0.002	1268358	S113
2537.614	0.002	1268807	S213
2538.046	0.002	1269023	S  2
2539.596	0.002	1269798	S104
2540.494	0.002	1270247	S216
2541.162	0.002	1270581	S  2
2542.71	0.002	1271355	S109
2543.608	0.002	1271804	S203
2544.038	0.002	1272019	S  1
2545.59	0.002	1272795	S106
2546.488	0.002	1273244	S206
2546.908	0.002	1273454	S  1
2548.452	0.002	1274226	S107
2549.352	0.002	1274676	S219
2549.8	0.002	1274900	S  2
2551.35	0.002	1275675	S111
2552.248	0.002	1276124	S205
2552.674	0.002	1276337	S  1
2554.23	0.002	1277115	S119
2555.128	0.002	1277564	S201
2555.602	0.002	1277801	S  1
2557.16	0.002	1278580	S105
2558.058	0.002	1279029	S205
2561.622	0.002	1280811	S102
2562.52	0.002	1281260	S220
2563.004	0.002	1281502	S  2
2564.552	0.002	1282276	S124
2565.45	0.002	1282725	S218
2565.956	0.002	1282978	S  2
2567.498	0.002	1283749	S122
2568.396	0.002	1284198	S216
2568.944	0.002	1284472	S  2
2570.494	0.002	1285247	S108
2571.394	0.002	1285697	S208
2571.756	0.002	1285878	S  1
2573.308	0.002	1286654	S112
2574.206	0.002	1287103	S206
2574.716	0.002	1287358	S  4
2576.272	0.002	1288136	S114
2577.17	0.002	1288585	S220
2577.75	0.002	1288875	S  2
2579.302	0.002	1289651	S123
2580.2	0.002	1290100	S223
2580.672	0.002	1290336	S  2
2582.214	0.002	1291107	S110
2583.114	0.002	1291557	S210
2583.528	0.002	1291764	S  1
2585.078	0.002	1292539	S103
2585.978	0.002	1292989	S203
2586.448	0.002	1293224	S  1
2587.992	0.002	1293996	S118
2588.89	0.002	1294445	S218
2589.328	0.002	1294664	S  2
2590.872	0.002	1295436	S116
2591.77	0.002	1295885	S216
2592.184	0.002	1296092	S  2
2593.736	0.002	1296868	S115
2594.634	0.002	1297317	S215
2595.094	0.002	1297547	S  2
2596.648	0.002	1298324	S101
2597.548	0.002	1298774	S207
2597.996	0.002	1298998	S  1
2599.546	0.002	1299773	S120
2600.444	0.002	1300222	S214
2600.96	0.002	1300480	S  2
2602.508	0.002	1301254	S117
2603.408	0.002	1301704	S217
2603.88	0.002	1301940	S  2
2605.422	0.002	1302711	S121
2606.32	0.002	1303160	S203
2606.862	0.002	1303431	S  1
2608.418	0.002	1304209	S111
2609.318	0.002	1304659	S217
2609.802	0.002	1304901	S  2
2611.348	0.002	1305674	S124
2612.248	0.002	1306124	S218
2612.726	0.002	1306363	S  2
2614.28	0.002	1307140	S113
2615.178	0.002	1307589	S219
2615.618	0.002	1307809	S  2
2617.176	0.002	1308588	S101
2618.074	0.002	1309037	S219
2618.728	0.002	1309364	S  2
2620.272	0.002	1310136	S107
2621.17	0.002	1310585	S213
2621.646	0.002	1310823	S  2
2623.202	0.002	1311601	S106
2624.1	0.002	1312050	S218
2624.576	0.002	1312288	S  2
2626.132	0.002	1313066	S104
2627.03	0.002	1313515	S216
2627.512	0.002	1313756	S  2
2629.062	0.002	1314531	S114
2629.96	0.002	1314980	S220
2630.444	0.002	1315222	S  2
2631.992	0.002	1315996	S117
2632.89	0.002	1316445	S217
2633.364	0.002	1316682	S  2
2634.906	0.002	1317453	S105
2635.804	0.002	1317902	S217
2636.316	0.002	1318158	S  2
2637.868	0.002	1318934	S118
2638.768	0.002	1319384	S212
2639.294	0.002	1319647	S  1
2640.848	0.002	1320424	S116
2641.748	0.002	1320874	S210
2641.951	1.71	1320975.5	boundary
2642.102	0.002	1321051	S108
2643.002	0.002	1321501	S214
2643.554	0.002	1321777	S  2
2645.098	0.002	1322549	S102
2645.998	0.002	1322999	S202
2646.476	0.002	1323238	S  4
2648.028	0.002	1324014	S120
2648.928	0.002	1324464	S214
2649.392	0.002	1324696	S  2
2650.942	0.002	1325471	S110
2651.842	0.002	1325921	S222
2652.37	0.002	1326185	S  2
2653.922	0.002	1326961	S123
2654.822	0.002	1327411	S217
2655.248	0.002	1327624	S  2
2656.802	0.002	1328401	S115
2657.702	0.002	1328851	S215
2658.188	0.002	1329094	S  2
2659.732	0.002	1329866	S103
2660.632	0.002	1330316	S209
2661.17	0.002	1330585	S  1
2662.712	0.002	1331356	S122
2663.612	0.002	1331806	S216
2664.062	0.002	1332031	S  2
2665.608	0.002	1332804	S112
2666.508	0.002	1333254	S212
2667.004	0.002	1333502	S  1
2668.556	0.002	1334278	S121
2669.454	0.002	1334727	S203
2670.08	0.002	1335040	S  1
2671.636	0.002	1335818	S119
2672.534	0.002	1336267	S207
2673.024	0.002	1336512	S  1
2674.582	0.002	1337291	S109
2675.482	0.002	1337741	S215
2676.014	0.002	1338007	S  2
2677.562	0.002	1338781	S116
2678.462	0.002	1339231	S222
2678.994	0.002	1339497	S  2
2680.542	0.002	1340271	S106
2681.442	0.002	1340721	S212
2682.064	0.002	1341032	S  1
2683.606	0.002	1341803	S112
2684.504	0.002	1342252	S212
2685.05	0.002	1342525	S  1
2686.602	0.002	1343301	S124
2687.5	0.002	1343750	S212
2688.234	0.002	1344117	S  4
2689.782	0.002	1344891	S108
2690.68	0.002	1345340	S202
2691.244	0.002	1345622	S  1
2692.796	0.002	1346398	S107
2693.694	0.002	1346847	S201
2694.222	0.002	1347111	S  1
2695.776	0.002	1347888	S102
2696.674	0.002	1348337	S202
2697.202	0.002	1348601	S  1
2698.754	0.002	1349377	S103
2699.654	0.002	1349827	S209
2700.194	0.002	1350097	S  1
2701.752	0.002	1350876	S101
2702.65	0.002	1351325	S201
2703.244	0.002	1351622	S  1
2704.798	0.002	1352399	S113
2705.698	0.002	1352849	S219
2706.35	0.002	1353175	S  2
2707.896	0.002	1353948	S118
2708.794	0.002	1354397	S224
2709.336	0.002	1354668	S  2
2710.892	0.002	1355446	S104
2711.79	0.002	1355895	S222
2712.382	0.002	1356191	S  2
2713.938	0.002	1356969	S115
2714.836	0.002	1357418	S203
2715.48	0.002	1357740	S  1
2717.034	0.002	1358517	S114
2717.934	0.002	1358967	S214
2718.54	0.002	1359270	S  2
2720.098	0.002	1360049	S119
2720.996	0.002	1360498	S207
2721.67	0.002	1360835	S  1
2723.228	0.002	1361614	S111
2724.126	0.002	1362063	S223
2724.776	0.002	1362388	S  2
2726.324	0.002	1363162	S123
2727.222	0.002	1363611	S223
2727.746	0.002	1363873	S  2
2729.304	0.002	1364652	S109
2730.202	0.002	1365101	S209
2730.742	0.002	1365371	S  1
2732.302	0.002	1366151	S121
2733.2	0.002	1366600	S215
2733.632	0.002	1366816	S  2
2735.18	0.002	1367590	S120
2736.08	0.002	1368040	S214
2736.566	0.002	1368283	S  2
2738.11	0.002	1369055	S122
2739.01	0.002	1369505	S222
2739.584	0.002	1369792	S  2
2741.14	0.002	1370570	S117
2742.04	0.002	1371020	S211
2742.474	0.002	1371237	S  1
2744.022	0.002	1372011	S105
2744.92	0.002	1372460	S211
2745.38	0.002	1372690	S  1
2746.934	0.002	1373467	S110
2747.834	0.002	1373917	S216
2748.388	0.002	1374194	S  2
2750.586	0.002	1375293	boundary
2751.716	0.002	1375858	S124
2752.614	0.002	1376307	S224
2753.082	0.002	1376541	S  2
2754.63	0.002	1377315	S118
2755.528	0.002	1377764	S212
2756.048	0.002	1378024	S  1
2757.592	0.002	1378796	S103
2758.492	0.002	1379246	S203
2758.938	0.002	1379469	S  1
2760.49	0.002	1380245	S123
2761.388	0.002	1380694	S217
2761.826	0.002	1380913	S  2
2763.37	0.002	1381685	S115
2764.268	0.002	1382134	S215
2764.704	0.002	1382352	S  3
2766.25	0.002	1383125	S108
2767.148	0.002	1383574	S208
2767.586	0.002	1383793	S  1
2769.13	0.002	1384565	S119
2770.028	0.002	1385014	S219
2770.476	0.002	1385238	S  2
2772.028	0.002	1386014	S110
2772.926	0.002	1386463	S204
2773.376	0.002	1386688	S  1
2774.924	0.002	1387462	S102
2775.822	0.002	1387911	S208
2776.308	0.002	1388154	S  1
2777.852	0.002	1388926	S111
2778.752	0.002	1389376	S205
2779.25	0.002	1389625	S  1
2780.8	0.002	1390400	S120
2781.7	0.002	1390850	S208
2782.078	0.002	1391039	S  1
2783.63	0.002	1391815	S121
2784.528	0.002	1392264	S203
2785.006	0.002	1392503	S  1
2786.56	0.002	1393280	S113
2787.458	0.002	1393729	S213
2787.872	0.002	1393936	S  2
2789.424	0.002	1394712	S114
2790.322	0.002	1395161	S220
2790.716	0.002	1395358	S  2
2792.27	0.002	1396135	S106
2793.17	0.002	1396585	S224
2793.652	0.002	1396826	S  2
2795.2	0.002	1397600	S116
2796.1	0.002	1398050	S222
2796.538	0.002	1398269	S  2
2798.08	0.002	1399040	S104
2798.98	0.002	1399490	S222
2799.448	0.002	1399724	S  2
2800.994	0.002	1400497	S112
2801.894	0.002	1400947	S224
2802.344	0.002	1401172	S  2
2803.89	0.002	1401945	S105
2804.79	0.002	1402395	S205
2808.152	0.002	1404076	S101
2809.052	0.002	1404526	S201
2809.584	0.002	1404792	S  1
2811.134	0.002	1405567	S122
2812.032	0.002	1406016	S222
2812.486	0.002	1406243	S  3
2814.03	0.002	1407015	S107
2814.928	0.002	1407464	S207
2815.662	0.002	1407831	S  1
2817.21	0.002	1408605	S109
2818.108	0.002	1409054	S209
2818.782	0.002	1409391	S  1
2820.34	0.002	1410170	S117
2821.238	0.002	1410619	S205
2821.748	0.002	1410874	S  1
2823.302	0.002	1411651	S102
2824.2	0.002	1412100	S208
2824.624	0.002	1412312	S  1
2826.166	0.002	1413083	S124
2827.064	0.002	1413532	S218
2827.492	0.002	1413746	S  3
2829.046	0.002	1414523	S106
2829.944	0.002	1414972	S224
2830.42	0.002	1415210	S  2
2831.976	0.002	1415988	S104
2832.874	0.002	1416437	S204
2833.35	0.002	1416675	S  1
2834.906	0.002	1417453	S111
2835.804	0.002	1417902	S217
2836.27	0.002	1418135	S  2
2837.818	0.002	1418909	S113
2838.718	0.002	1419359	S207
2839.238	0.002	1419619	S  1
2840.784	0.002	1420392	S108
2841.682	0.002	1420841	S208
2842.212	0.002	1421106	S  1
2843.762	0.002	1421881	S115
2844.662	0.002	1422331	S203
2845.14	0.002	1422570	S  1
2846.692	0.002	1423346	S109
2847.592	0.002	1423796	S209
2847.984	0.002	1423992	S  1
2848.463	0.522	1424231.5	boundary
2849.018	0.002	1424509	S110
2849.916	0.002	1424958	S216
2850.394	0.002	1425197	S  2
2851.948	0.002	1425974	S122
2852.846	0.002	1426423	S222
2853.446	0.002	1426723	S  2
2854.994	0.002	1427497	S118
2855.892	0.002	1427946	S206
2856.43	0.002	1428215	S  1
2857.974	0.002	1428987	S107
2858.872	0.002	1429436	S213
2859.392	0.002	1429696	S  2
2860.936	0.002	1430468	S103
2861.836	0.002	1430918	S221
2862.314	0.002	1431157	S  2
2863.866	0.002	1431933	S105
2864.766	0.002	1432383	S211
2865.202	0.002	1432601	S  1
2866.748	0.002	1433374	S120
2867.646	0.002	1433823	S220
2868.014	0.002	1434007	S  2
2869.562	0.002	1434781	S114
2870.46	0.002	1435230	S220
2870.936	0.002	1435468	S  2
2872.49	0.002	1436245	S121
2873.39	0.002	1436695	S221
2873.86	0.002	1436930	S  2
2875.404	0.002	1437702	S119
2876.302	0.002	1438151	S219
2876.734	0.002	1438367	S  2
2878.284	0.002	1439142	S123
2879.184	0.002	1439592	S205
2879.672	0.002	1439836	S  1
2881.23	0.002	1440615	S116
2882.13	0.002	1441065	S222
2882.538	0.002	1441269	S  2
2884.094	0.002	1442047	S112
2884.994	0.002	1442497	S206
2885.47	0.002	1442735	S  1
2887.026	0.002	1443513	S117
2887.924	0.002	1443962	S223
2888.39	0.002	1444195	S  2
2889.938	0.002	1444969	S101
2890.838	0.002	1445419	S207
2891.562	0.002	1445781	S  1
2893.118	0.002	1446559	S115
2894.018	0.002	1447009	S221
2894.494	0.002	1447247	S  2
2896.048	0.002	1448024	S116
2896.948	0.002	1448474	S222
2897.386	0.002	1448693	S  2
2898.928	0.002	1449464	S119
2899.828	0.002	1449914	S213
2900.266	0.002	1450133	S  2
2901.808	0.002	1450904	S122
2902.706	0.002	1451353	S222
2903.226	0.002	1451613	S  2
2904.77	0.002	1452385	S111
2905.67	0.002	1452835	S223
2906.13	0.002	1453065	S  3
2907.684	0.002	1453842	S118
2908.584	0.002	1454292	S212
2909.154	0.002	1454577	S  1
2910.698	0.002	1455349	S120
2911.596	0.002	1455798	S220
2912.084	0.002	1456042	S  2
2913.628	0.002	1456814	S109
2914.526	0.002	1457263	S203
2915.004	0.002	1457502	S  1
2916.558	0.002	1458279	S117
2917.458	0.002	1458729	S217
2917.914	0.002	1458957	S  2
2919.472	0.002	1459736	S102
2920.37	0.002	1460185	S208
2920.88	0.002	1460440	S  1
2922.436	0.002	1461218	S106
2923.334	0.002	1461667	S212
2923.978	0.002	1461989	S  1
2925.532	0.002	1462766	S101
2926.43	0.002	1463215	S201
2926.988	0.002	1463494	S  1
2928.546	0.002	1464273	S124
2929.444	0.002	1464722	S218
2929.902	0.002	1464951	S  2
2931.458	0.002	1465729	S103
2932.356	0.002	1466178	S203
2932.816	0.002	1466408	S  1
2934.372	0.002	1467186	S112
2935.27	0.002	1467635	S212
2935.744	0.002	1467872	S  1
2937.302	0.002	1468651	S108
2938.2	0.002	1469100	S202
2938.666	0.002	1469333	S  1
2940.214	0.002	1470107	S121
2941.114	0.002	1470557	S221
2941.624	0.002	1470812	S  2
2943.178	0.002	1471589	S123
2944.076	0.002	1472038	S217
2944.457	2.564	1472228.5	boundary
2944.626	0.002	1472313	S207
2945.096	0.002	1472548	S  1
2946.64	0.002	1473320	S113
2947.54	0.002	1473770	S207
2948.012	0.002	1474006	S  1
2949.554	0.002	1474777	S105
2950.454	0.002	1475227	S211
2950.932	0.002	1475466	S  1
2952.484	0.002	1476242	S110
2953.382	0.002	1476691	S210
2953.808	0.002	1476904	S  1
2955.364	0.002	1477682	S104
2956.262	0.002	1478131	S210
2956.67	0.002	1478335	S  1
2958.228	0.002	1479114	S114
2959.128	0.002	1479564	S220
2959.684	0.002	1479842	S  2
2960.8	0.002	1480400	boundary
2962	0.002	1481000	S110
2962.9	0.002	1481450	S204
2963.61	0.002	1481805	S  1
2965.164	0.002	1482582	S109
2966.062	0.002	1483031	S209
2966.55	0.002	1483275	S  1
2968.094	0.002	1484047	S104
2968.992	0.002	1484496	S210
2969.414	0.002	1484707	S  1
2970.958	0.002	1485479	S106
2971.856	0.002	1485928	S212
2972.332	0.002	1486166	S  1
2973.888	0.002	1486944	S111
2974.788	0.002	1487394	S211
2975.258	0.002	1487629	S  1
2976.818	0.002	1488409	S113
2977.716	0.002	1488858	S219
2978.206	0.002	1489103	S  2
2979.764	0.002	1489882	S117
2980.664	0.002	1490332	S205
2981.15	0.002	1490575	S  1
2982.694	0.002	1491347	S118
2983.594	0.002	1491797	S212
2984.138	0.002	1492069	S  1
2985.69	0.002	1492845	S102
2986.59	0.002	1493295	S202
2987.058	0.002	1493529	S  1
2988.604	0.002	1494302	S123
2989.504	0.002	1494752	S217
2989.912	0.002	1494956	S  2
2991.468	0.002	1495734	S108
2992.368	0.002	1496184	S208
2992.748	0.002	1496374	S  1
2994.298	0.002	1497149	S122
2995.196	0.002	1497598	S216
2995.594	0.002	1497797	S  2
2997.144	0.002	1498572	S112
2998.044	0.002	1499022	S206
2998.426	0.002	1499213	S  1
2999.974	0.002	1499987	S107
3000.874	0.002	1500437	S219
3001.368	0.002	1500684	S  2
3002.922	0.002	1501461	S116
3003.82	0.002	1501910	S222
3004.28	0.002	1502140	S  3
3005.834	0.002	1502917	S105
3006.734	0.002	1503367	S217
3007.194	0.002	1503597	S  2
3008.748	0.002	1504374	S124
3009.648	0.002	1504824	S224
3010.154	0.002	1505077	S  2
3011.712	0.002	1505856	S119
3012.61	0.002	1506305	S213
3013.012	0.002	1506506	S  2
3014.558	0.002	1507279	S120
3015.458	0.002	1507729	S214
3015.886	0.002	1507943	S  2
3017.438	0.002	1508719	S115
3018.338	0.002	1509169	S221
3018.742	0.002	1509371	S  2
3020.286	0.002	1510143	S121
3021.184	0.002	1510592	S221
3021.514	0.002	1510757	S  2
3023.066	0.002	1511533	S101
3023.964	0.002	1511982	S213
3024.422	0.002	1512211	S  2
3025.978	0.002	1512989	S103
3026.878	0.002	1513439	S203
3027.344	0.002	1513672	S  4
3028.892	0.002	1514446	S114
3029.792	0.002	1514896	S220
3030.25	0.002	1515125	S  2
3031.806	0.002	1515903	S108
3032.704	0.002	1516352	S214
3033.218	0.002	1516609	S  2
3034.77	0.002	1517385	S101
3035.668	0.002	1517834	S207
3036.132	0.002	1518066	S  1
3037.682	0.002	1518841	S104
3038.582	0.002	1519291	S210
3039.22	0.002	1519610	S  1
3040.762	0.002	1520381	S103
3041.662	0.002	1520831	S209
3042.17	0.002	1521085	S  1
3043.726	0.002	1521863	S117
3044.624	0.002	1522312	S223
3045.056	0.002	1522528	S  2
3046.606	0.002	1523303	S121
3047.506	0.002	1523753	S215
3048.04	0.002	1524020	S  2
3049.586	0.002	1524793	S118
3050.484	0.002	1525242	S224
3050.968	0.002	1525484	S  2
3052.516	0.002	1526258	S111
3053.414	0.002	1526707	S223
3053.91	0.002	1526955	S  2
3055.464	0.002	1527732	S109
3056.362	0.002	1528181	S203
3056.9	0.002	1528450	S  1
3058.46	0.002	1529230	S115
3059.358	0.002	1529679	S215
3059.802	0.002	1529901	S  2
3061.356	0.002	1530678	S105
3062.254	0.002	1531127	S223
3062.774	0.002	1531387	S  2
3064.318	0.002	1532159	S112
3065.218	0.002	1532609	S224
3065.758	0.002	1532879	S  3
3066.111	1.924	1533055.5	boundary
3066.29	0.002	1533145	S202
3066.824	0.002	1533412	S  1
3068.372	0.002	1534186	S114
3069.27	0.002	1534635	S214
3069.772	0.002	1534886	S  2
3071.318	0.002	1535659	S119
3072.218	0.002	1536109	S207
3072.716	0.002	1536358	S  1
3074.264	0.002	1537132	S107
3075.164	0.002	1537582	S201
3075.616	0.002	1537808	S  1
3077.162	0.002	1538581	S106
3078.06	0.002	1539030	S206
3078.636	0.002	1539318	S  1
3080.192	0.002	1540096	S113
3081.09	0.002	1540545	S213
3081.55	0.002	1540775	S  2
3083.104	0.002	1541552	S124
3084.004	0.002	1542002	S224
3084.536	0.002	1542268	S  2
3086.084	0.002	1543042	S110
3086.984	0.002	1543492	S204
3087.396	0.002	1543698	S  1
3088.948	0.002	1544474	S122
3089.848	0.002	1544924	S216
3090.31	0.002	1545155	S  2
3091.862	0.002	1545931	S123
3092.76	0.002	1546380	S205
3093.252	0.002	1546626	S  1
3094.81	0.002	1547405	S116
3095.708	0.002	1547854	S204
3096.222	0.002	1548111	S  1
3097.772	0.002	1548886	S102
3098.67	0.002	1549335	S214
3099.168	0.002	1549584	S  2
3100.718	0.002	1550359	S110
3101.618	0.002	1550809	S210
3102.074	0.002	1551037	S  1
3103.632	0.002	1551816	S105
3104.53	0.002	1552265	S217
3105.03	0.002	1552515	S  2
3106.578	0.002	1553289	S124
3107.478	0.002	1553739	S218
3107.898	0.002	1553949	S  2
3109.442	0.002	1554721	S107
3110.342	0.002	1555171	S213
3110.802	0.002	1555401	S  2
3112.356	0.002	1556178	S113
3113.254	0.002	1556627	S207
3113.748	0.002	1556874	S  1
3115.302	0.002	1557651	S102
3116.202	0.002	1558101	S208
3116.848	0.002	1558424	S  1
3118.398	0.002	1559199	S111
3119.298	0.002	1559649	S205
3119.738	0.002	1559869	S  1
3121.296	0.002	1560648	S121
3122.194	0.002	1561097	S221
3122.664	0.002	1561332	S  2
3124.208	0.002	1562104	S104
3125.108	0.002	1562554	S204
3125.546	0.002	1562773	S  1
3127.09	0.002	1563545	S112
3127.988	0.002	1563994	S212
3128.39	0.002	1564195	S  1
3129.936	0.002	1564968	S114
3130.834	0.002	1565417	S202
3131.168	0.002	1565584	S  4
3132.716	0.002	1566358	S108
3133.614	0.002	1566807	S208
3134.032	0.002	1567016	S  1
3135.58	0.002	1567790	S116
3136.478	0.002	1568239	S204
3136.962	0.002	1568481	S  1
3138.51	0.002	1569255	S106
3139.408	0.002	1569704	S218
3139.878	0.002	1569939	S  2
3141.422	0.002	1570711	S115
3142.322	0.002	1571161	S221
3142.79	0.002	1571395	S  2
3144.336	0.002	1572168	S120
3145.236	0.002	1572618	S214
3145.692	0.002	1572846	S  2
3147.25	0.002	1573625	S103
3148.148	0.002	1574074	S221
3148.67	0.002	1574335	S  2
3150.212	0.002	1575106	S123
3151.112	0.002	1575556	S217
3151.624	0.002	1575812	S  2
3153.176	0.002	1576588	S101
3154.076	0.002	1577038	S201
3154.556	0.002	1577278	S  1
3156.108	0.002	1578054	S119
3157.006	0.002	1578503	S201
3157.536	0.002	1578768	S  1
3159.088	0.002	1579544	S109
3159.986	0.002	1579993	S203
3160.52	0.002	1580260	S  1
3162.066	0.002	1581033	S122
3162.966	0.002	1581483	S204
3163.478	0.002	1581739	S  1
3165.03	0.002	1582515	S118
3165.928	0.002	1582964	S212
3166.392	0.002	1583196	S  1
3167.942	0.002	1583971	S117
3168.842	0.002	1584421	S205
3169.336	0.002	1584668	S  1
3169.757	5.022	1584878.5	boundary
3170.152	0.002	1585076	S116
3171.05	0.002	1585525	S210
3171.846	0.002	1585923	S  1
3173.398	0.002	1586699	S105
3174.298	0.002	1587149	S205
3174.762	0.002	1587381	S  1
3176.312	0.002	1588156	S102
3177.21	0.002	1588605	S202
3177.66	0.002	1588830	S  1
3179.21	0.002	1589605	S114
3180.108	0.002	1590054	S208
3180.572	0.002	1590286	S  4
3182.122	0.002	1591061	S124
3183.02	0.002	1591510	S218
3183.5	0.002	1591750	S  2
3185.052	0.002	1592526	S123
3185.95	0.002	1592975	S223
3186.362	0.002	1593181	S  2
3187.916	0.002	1593958	S112
3188.814	0.002	1594407	S212
3189.252	0.002	1594626	S  1
3190.796	0.002	1595398	S120
3191.694	0.002	1595847	S220
3192.158	0.002	1596079	S  2
3193.708	0.002	1596854	S118
3194.608	0.002	1597304	S218
3195.02	0.002	1597510	S  2
3196.572	0.002	1598286	S122
3197.472	0.002	1598736	S216
3197.89	0.002	1598945	S  2
3199.436	0.002	1599718	S121
3200.334	0.002	1600167	S203
3200.814	0.002	1600407	S  1
3202.366	0.002	1601183	S107
3203.264	0.002	1601632	S201
3203.7	0.002	1601850	S  1
3205.246	0.002	1602623	S106
3206.144	0.002	1603072	S218
3206.698	0.002	1603349	S  2
3208.242	0.002	1604121	S110
3209.142	0.002	1604571	S210
3209.576	0.002	1604788	S  1
3211.122	0.002	1605561	S103
3212.022	0.002	1606011	S203
3212.458	0.002	1606229	S  1
3214.004	0.002	1607002	S117
3214.902	0.002	1607451	S205
3215.36	0.002	1607680	S  1
3216.916	0.002	1608458	S119
3217.816	0.002	1608908	S201
3218.316	0.002	1609158	S  1
3219.862	0.002	1609931	S108
3220.762	0.002	1610381	S214
3221.276	0.002	1610638	S  2
3222.826	0.002	1611413	S113
3223.724	0.002	1611862	S213
3224.256	0.002	1612128	S  2
3225.806	0.002	1612903	S104
3226.704	0.002	1613352	S216
3227.212	0.002	1613606	S  2
3228.77	0.002	1614385	S115
3229.668	0.002	1614834	S215
3230.134	0.002	1615067	S  3
3231.682	0.002	1615841	S101
3232.582	0.002	1616291	S207
3233.142	0.002	1616571	S  1
3234.696	0.002	1617348	S109
3235.594	0.002	1617797	S215
3236.144	0.002	1618072	S  2
3237.694	0.002	1618847	S111
3238.592	0.002	1619296	S211
3239.042	0.002	1619521	S  1
3240.59	0.002	1620295	S117
3241.488	0.002	1620744	S211
3241.994	0.002	1620997	S  1
3243.552	0.002	1621776	S115
3244.452	0.002	1622226	S221
3244.954	0.002	1622477	S  2
3246.5	0.002	1623250	S123
3247.398	0.002	1623699	S217
3247.832	0.002	1623916	S  2
3249.38	0.002	1624690	S110
3250.278	0.002	1625139	S210
3250.72	0.002	1625360	S  1
3252.276	0.002	1626138	S109
3253.176	0.002	1626588	S209
3253.632	0.002	1626816	S  1
3255.19	0.002	1627595	S104
3256.088	0.002	1628044	S210
3256.534	0.002	1628267	S  1
3258.088	0.002	1629044	S113
3258.986	0.002	1629493	S219
3259.534	0.002	1629767	S  2
3261.084	0.002	1630542	S124
3261.982	0.002	1630991	S218
3262.422	0.002	1631211	S  2
3263.98	0.002	1631990	S102
3264.878	0.002	1632439	S220
3265.388	0.002	1632694	S  2
3266.944	0.002	1633472	S105
3267.842	0.002	1633921	S217
3268.344	0.002	1634172	S  2
3269.89	0.002	1634945	S108
3270.79	0.002	1635395	S202
3271.304	0.002	1635652	S  1
3272.854	0.002	1636427	S122
3273.752	0.002	1636876	S216
3274.112	0.002	1637056	S  2
3275.668	0.002	1637834	S107
3276.566	0.002	1638283	S219
3277.036	0.002	1638518	S  2
3278.58	0.002	1639290	S111
3279.478	0.002	1639739	S205
3280.008	0.002	1640004	S  1
3281.56	0.002	1640780	S116
3282.458	0.002	1641229	S222
3282.93	0.002	1641465	S  2
3284.474	0.002	1642237	S121
3285.372	0.002	1642686	S215
3285.79	0.002	1642895	S  2
3287.336	0.002	1643668	S106
3288.236	0.002	1644118	S206
3288.734	0.002	1644367	S  4
3290.284	0.002	1645142	S103
3291.182	0.002	1645591	S209
3291.722	0.002	1645861	S  1
3293.264	0.002	1646632	S101
3294.162	0.002	1647081	S219
3294.734	0.002	1647367	S  2
3296.278	0.002	1648139	S118
3297.176	0.002	1648588	S212
3297.776	0.002	1648888	S  1
3299.324	0.002	1649662	S119
3300.222	0.002	1650111	S207
3300.724	0.002	1650362	S  1
3302.27	0.002	1651135	S112
3303.17	0.002	1651585	S206
3303.704	0.002	1651852	S  1
3305.25	0.002	1652625	S114
3306.148	0.002	1653074	S220
3306.642	0.002	1653321	S  2
3308.196	0.002	1654098	S120
3309.096	0.002	1654548	S220
3309.596	0.002	1654798	S  2
3311.144	0.002	1655572	S121
3312.044	0.002	1656022	S215
3312.564	0.002	1656282	S  2
3314.108	0.002	1657054	S109
3315.006	0.002	1657503	S215
3315.506	0.002	1657753	S  2
3315.947	0.968	1657973.5	boundary
3316.086	0.002	1658043	S105
3316.984	0.002	1658492	S205
3317.438	0.002	1658719	S  1
3317.933	0.924	1658966.5	boundary
3318.058	0.002	1659029	S119
3318.958	0.002	1659479	S213
3319.388	0.002	1659694	S  2
3320.938	0.002	1660469	S116
3321.838	0.002	1660919	S222
3325.4	0.002	1662700	S115
3326.298	0.002	1663149	S215
3326.77	0.002	1663385	S  2
3328.314	0.002	1664157	S111
3329.212	0.002	1664606	S211
3329.692	0.002	1664846	S  1
3331.244	0.002	1665622	S104
3332.142	0.002	1666071	S216
3332.63	0.002	1666315	S  2
3334.174	0.002	1667087	S117
3335.074	0.002	1667537	S223
3335.526	0.002	1667763	S  2
3337.07	0.002	1668535	S103
3337.968	0.002	1668984	S209
3338.55	0.002	1669275	S  1
3340.1	0.002	1670050	S108
3340.998	0.002	1670499	S208
3341.404	0.002	1670702	S  1
3342.948	0.002	1671474	S101
3343.846	0.002	1671923	S201
3344.262	0.002	1672131	S  1
3345.81	0.002	1672905	S106
3346.71	0.002	1673355	S206
3347.126	0.002	1673563	S  1
3348.674	0.002	1674337	S112
3349.574	0.002	1674787	S218
3350.106	0.002	1675053	S  2
3351.654	0.002	1675827	S124
3352.552	0.002	1676276	S224
3353.034	0.002	1676517	S  2
3354.584	0.002	1677292	S113
3355.482	0.002	1677741	S219
3355.986	0.002	1677993	S  2
3357.532	0.002	1678766	S110
3358.43	0.002	1679215	S204
3358.9	0.002	1679450	S  1
3360.444	0.002	1680222	S102
3361.344	0.002	1680672	S208
3361.798	0.002	1680899	S  1
3363.342	0.002	1681671	S107
3364.24	0.002	1682120	S207
3364.876	0.002	1682438	S  1
3366.422	0.002	1683211	S122
3367.32	0.002	1683660	S210
3367.9	0.002	1683950	S  1
3369.45	0.002	1684725	S118
3370.35	0.002	1685175	S224
3370.814	0.002	1685407	S  2
3372.364	0.002	1686182	S114
3373.262	0.002	1686631	S220
3373.73	0.002	1686865	S  2
3375.278	0.002	1687639	S123
3376.176	0.002	1688088	S217
3376.606	0.002	1688303	S  2
3378.158	0.002	1689079	S120
3379.056	0.002	1689528	S214
3379.662	0.002	1689831	S  2
